,Pose_ID,LigName,receptor,pose_rank,run_number,docking_score,leff,deltas,cluster_rmsd,cluster_size,reference_rmsd,energies_inter,energies_vdw,energies_electro,energies_flexLig,energies_flexLR,energies_intra,energies_torsional,unbound_energy,nr_interactions,num_hb,about_x,about_y,about_z,trans_x,trans_y,trans_z,axisangle_x,axisangle_y,axisangle_z,axisangle_w,dihedrals,ligand_coordinates,flexible_res_coordinates,LigName:1
0,4207,1a_Grossjean_2025,4h2i_c_4_mae_prepped,1,14,-7.87,-0.2914814814814815,0.0,0.0,5,191.38,-9.96,-9.35,-0.61,-9.96,0.0,-0.66,2.09,-0.66,45,9,0.0,0.0,0.0,4.459607,8.917188,11.415027,-0.63352041,-0.42589606,0.64596009,115.363525,"116.257378, 48.188263, 268.333618, 119.3423, 53.836964, 316.267792, 41.271221, ","[["" 130.059"", "" 127.150"", ""  68.930""], ["" 128.783"", "" 127.044"", ""  69.485""], ["" 128.518"", "" 127.559"", ""  70.750""], ["" 129.526"", "" 128.194"", ""  71.487""], ["" 130.807"", "" 128.306"", ""  70.924""], ["" 131.073"", "" 127.791"", ""  69.658""], ["" 130.216"", "" 126.592"", ""  67.646""], ["" 129.963"", "" 125.341"", ""  67.207""], ["" 129.524"", "" 124.417"", ""  67.893""], ["" 130.540"", "" 127.248"", ""  66.952""], ["" 130.260"", "" 125.093"", ""  65.727""], ["" 130.175"", "" 123.329"", ""  65.297""], ["" 130.859"", "" 123.144"", ""  63.665""], ["" 132.583"", "" 123.343"", ""  61.975""], ["" 132.165"", "" 123.556"", ""  63.309""], ["" 131.696"", "" 122.757"", ""  61.066""], ["" 133.060"", "" 124.212"", ""  64.267""], ["" 130.420"", "" 122.403"", ""  61.497""], ["" 133.768"", "" 124.731"", ""  65.020""], ["" 130.000"", "" 122.595"", ""  62.770""], ["" 133.972"", "" 123.737"", ""  61.475""], ["" 129.409"", "" 121.773"", ""  60.557""], ["" 129.207"", "" 128.734"", ""  72.851""], ["" 128.477"", "" 128.151"", ""  73.658""], ["" 129.813"", "" 129.922"", ""  73.113""], ["" 129.109"", "" 130.979"", ""  73.753""], ["" 129.219"", "" 132.251"", ""  72.907""]]",[],1a_Grossjean_2025
1,4071,1c_Ghoteimi_2023,4h2i_c_4_mae_prepped,1,13,-7.84,-0.224,0.0,0.0,5,192.4,-10.22,-9.63,-0.59,-10.22,0.0,-2.08,2.39,-2.08,50,7,0.0,0.0,0.0,4.056382,11.568801,10.291321,-0.85747186,0.20903753,0.47015457,237.629745,"9.025222, 154.584457, 208.98558, 327.60965, 283.926178, 340.195465, 97.171814, 237.072983, ","[["" 128.352"", "" 128.189"", ""  65.834""], ["" 129.026"", "" 127.075"", ""  65.280""], ["" 129.158"", "" 126.915"", ""  63.827""], ["" 129.261"", "" 126.790"", ""  62.681""], ["" 129.581"", "" 126.130"", ""  66.167""], ["" 129.472"", "" 126.239"", ""  67.513""], ["" 128.790"", "" 127.286"", ""  68.049""], ["" 128.231"", "" 128.270"", ""  67.226""], ["" 127.790"", "" 129.308"", ""  65.021""], ["" 126.746"", "" 131.389"", ""  63.450""], ["" 125.933"", "" 130.329"", ""  63.850""], ["" 128.095"", "" 131.401"", ""  63.839""], ["" 126.450"", "" 129.297"", ""  64.626""], ["" 128.609"", "" 130.366"", ""  64.615""], ["" 126.148"", "" 132.370"", ""  62.681""], ["" 126.961"", "" 133.374"", ""  62.082""], ["" 130.596"", "" 124.775"", ""  65.619""], ["" 132.258"", "" 125.494"", ""  65.409""], ["" 132.864"", "" 125.159"", ""  64.041""], ["" 132.118"", "" 125.526"", ""  62.976""], ["" 133.939"", "" 124.561"", ""  63.983""], ["" 131.258"", "" 126.019"", ""  63.160""], ["" 132.358"", "" 125.209"", ""  61.648""], ["" 131.924"", "" 125.837"", ""  60.577""], ["" 133.393"", "" 123.853"", ""  61.336""], ["" 132.383"", "" 125.282"", ""  59.472""], ["" 133.212"", "" 124.177"", ""  59.637""], ["" 128.713"", "" 127.341"", ""  69.547""], ["" 127.543"", "" 126.977"", ""  70.232""], ["" 129.812"", "" 127.763"", ""  70.310""], ["" 127.477"", "" 127.026"", ""  71.622""], ["" 129.751"", "" 127.811"", ""  71.700""], ["" 128.576"", "" 127.440"", ""  72.369""], ["" 128.423"", "" 127.454"", ""  73.742""], ["" 127.806"", "" 128.577"", ""  74.362""]]",[],1c_Ghoteimi_2023
2,4627,1d_Ghoteimi_2023,4h2i_c_4_mae_prepped,2,9,-7.34,-0.24466666666666667,0.0,0.0,16,191.93,-9.73,-9.02,-0.71,-9.73,0.0,-1.09,2.39,-1.09,49,5,0.0,0.0,0.0,4.04332,10.181379,9.848423,0.23083683,0.07945908,-0.96974255,233.206711,"142.555267, 322.413025, 114.086884, 50.363411, 256.538483, 194.394791, 61.67823, 70.269325, ","[["" 127.365"", "" 129.420"", ""  64.982""], ["" 128.337"", "" 128.136"", ""  65.738""], ["" 129.821"", "" 126.217"", ""  65.741""], ["" 129.108"", "" 127.200"", ""  65.011""], ["" 129.757"", "" 126.248"", ""  67.139""], ["" 129.222"", "" 127.279"", ""  63.551""], ["" 129.006"", "" 127.229"", ""  67.798""], ["" 129.313"", "" 127.339"", ""  62.399""], ["" 128.305"", "" 128.152"", ""  67.092""], ["" 130.648"", "" 125.148"", ""  65.103""], ["" 132.221"", "" 123.147"", ""  63.907""], ["" 132.750"", "" 124.415"", ""  64.145""], ["" 130.895"", "" 122.879"", ""  64.282""], ["" 131.973"", "" 125.406"", ""  64.739""], ["" 130.121"", "" 123.872"", ""  64.877""], ["" 133.061"", "" 122.229"", ""  63.307""], ["" 133.978"", "" 122.673"", ""  62.313""], ["" 128.912"", "" 127.313"", ""  69.294""], ["" 127.729"", "" 126.974"", ""  69.970""], ["" 130.004"", "" 127.742"", ""  70.063""], ["" 127.642"", "" 127.059"", ""  71.356""], ["" 129.920"", "" 127.829"", ""  71.450""], ["" 128.732"", "" 127.486"", ""  72.110""], ["" 128.554"", "" 127.543"", ""  73.479""], ["" 127.622"", "" 128.474"", ""  74.019""], ["" 128.399"", "" 130.183"", ""  63.697""], ["" 128.677"", "" 131.622"", ""  64.124""], ["" 127.999"", "" 132.176"", ""  64.991""], ["" 129.716"", "" 132.164"", ""  63.456""], ["" 130.216"", "" 131.547"", ""  62.279""]]",[],1d_Ghoteimi_2023
3,5090,1g_Grossjean_2025,4h2i_c_4_mae_prepped,1,13,-6.97,-0.3030434782608696,0.0,0.0,1,189.27,-8.46,-8.23,-0.23,-8.46,0.0,-0.46,1.49,-0.46,38,7,0.0,0.0,0.0,5.276338,6.685355,10.836517,0.10198742,-0.65411837,0.74948497,142.345276,"342.948059, 292.66098, 359.899078, 343.490692, 123.997215, ","[["" 130.824"", "" 125.086"", ""  65.943""], ["" 130.359"", "" 123.417"", ""  65.393""], ["" 130.963"", "" 123.221"", ""  63.731""], ["" 132.592"", "" 123.433"", ""  61.952""], ["" 132.245"", "" 123.644"", ""  63.306""], ["" 131.677"", "" 122.808"", ""  61.100""], ["" 133.207"", "" 124.250"", ""  64.229""], ["" 130.446"", "" 122.400"", ""  61.610""], ["" 133.970"", "" 124.728"", ""  64.957""], ["" 130.090"", "" 122.594"", ""  62.902""], ["" 133.942"", "" 123.858"", ""  61.374""], ["" 129.418"", "" 121.701"", ""  60.741""], ["" 129.855"", "" 125.633"", ""  66.993""], ["" 129.443"", "" 126.900"", ""  66.819""], ["" 129.492"", "" 124.919"", ""  67.928""], ["" 129.808"", "" 127.421"", ""  66.034""], ["" 128.567"", "" 127.640"", ""  67.727""], ["" 128.992"", "" 127.585"", ""  69.192""], ["" 130.232"", "" 128.103"", ""  69.580""], ["" 128.137"", "" 127.025"", ""  70.146""], ["" 130.619"", "" 128.053"", ""  70.916""], ["" 128.525"", "" 126.977"", ""  71.483""], ["" 129.763"", "" 127.490"", ""  71.862""]]",[],1g_Grossjean_2025
4,5379,1j_Grossjean_2025,4h2i_c_4_mae_prepped,1,5,-6.44,-0.3066666666666667,0.0,0.0,1,188.72,-7.63,-7.37,-0.26,-7.63,0.0,-0.33,1.19,-0.33,33,7,0.0,0.0,0.0,3.890895,7.959982,7.975262,0.34640054,0.47656876,0.8080154,194.790222,"114.605011, 120.58152, 267.491852, 47.977715, ","[["" 130.158"", "" 123.379"", ""  65.346""], ["" 130.827"", "" 123.140"", ""  63.714""], ["" 132.536"", "" 123.272"", ""  62.003""], ["" 132.135"", "" 123.524"", ""  63.334""], ["" 131.632"", "" 122.676"", ""  61.117""], ["" 133.047"", "" 124.196"", ""  64.263""], ["" 130.355"", "" 122.354"", ""  61.570""], ["" 133.770"", "" 124.727"", ""  64.995""], ["" 129.951"", "" 122.582"", ""  62.842""], ["" 133.926"", "" 123.633"", ""  61.478""], ["" 129.325"", "" 121.719"", ""  60.654""], ["" 130.287"", "" 125.148"", ""  65.742""], ["" 129.984"", "" 125.430"", ""  67.215""], ["" 130.248"", "" 126.686"", ""  67.634""], ["" 129.531"", "" 124.528"", ""  67.922""], ["" 130.594"", "" 127.344"", ""  66.950""], ["" 130.056"", "" 127.191"", ""  68.912""], ["" 130.939"", "" 127.784"", ""  69.687""], ["" 128.467"", "" 127.041"", ""  69.592""], ["" 130.408"", "" 128.138"", ""  70.841""], ["" 129.062"", "" 127.834"", ""  71.019""]]",[],1j_Grossjean_2025
5,4046,1k_Grossjean_2025,4h2i_c_4_mae_prepped,1,13,-6.26,-0.24076923076923076,0.0,0.0,1,190.0,-9.84,-9.12,-0.72,-9.84,0.0,-0.74,3.58,-0.74,42,9,0.0,0.0,0.0,0.090197,10.505085,13.109864,-0.36375588,0.26719306,-0.89235056,313.555847,"229.936859, 118.483047, 356.877899, 238.339005, 91.690811, 204.332611, 6.238707, 6.888588, 261.292267, 307.933838, 172.305832, 67.293854, ","[["" 128.486"", "" 127.124"", ""  70.953""], ["" 128.370"", "" 127.069"", ""  69.537""], ["" 129.688"", "" 127.539"", ""  68.893""], ["" 129.953"", "" 126.949"", ""  67.580""], ["" 129.872"", "" 125.639"", ""  67.288""], ["" 129.553"", "" 124.784"", ""  68.117""], ["" 130.222"", "" 127.591"", ""  66.849""], ["" 130.211"", "" 125.261"", ""  65.838""], ["" 130.099"", "" 123.482"", ""  65.438""], ["" 130.667"", "" 123.220"", ""  63.764""], ["" 132.328"", "" 123.343"", ""  62.004""], ["" 131.964"", "" 123.594"", ""  63.346""], ["" 131.402"", "" 122.740"", ""  61.147""], ["" 132.916"", "" 124.221"", ""  64.268""], ["" 130.143"", "" 122.405"", ""  61.639""], ["" 133.668"", "" 124.717"", ""  64.995""], ["" 129.774"", "" 122.641"", ""  62.919""], ["" 133.703"", "" 123.701"", ""  61.444""], ["" 129.095"", "" 121.749"", ""  60.761""], ["" 129.422"", "" 128.090"", ""  71.413""], ["" 130.625"", "" 127.376"", ""  72.043""], ["" 130.838"", "" 127.878"", ""  73.356""], ["" 130.927"", "" 126.864"", ""  74.348""], ["" 132.356"", "" 126.304"", ""  74.378""], ["" 133.247"", "" 127.304"", ""  74.856""], ["" 134.612"", "" 126.926"", ""  74.781""]]",[],1k_Grossjean_2025
6,4061,1l_Grossjean_2025,4h2i_c_4_mae_prepped,1,13,-5.39,-0.2994444444444444,0.0,0.0,3,188.58,-6.58,-6.21,-0.37,-6.58,0.0,-0.66,1.19,-0.66,33,7,0.0,0.0,0.0,8.647056,7.343217,2.843201,0.25938214,0.86424849,0.43103996,233.266357,"81.677551, 180.110489, 351.282593, 69.429962, ","[["" 134.455"", "" 124.114"", ""  60.789""], ["" 133.181"", "" 123.619"", ""  59.579""], ["" 131.874"", "" 122.783"", ""  60.460""], ["" 130.729"", "" 120.800"", ""  61.255""], ["" 131.801"", "" 121.372"", ""  60.535""], ["" 129.789"", "" 121.638"", ""  61.863""], ["" 132.801"", "" 120.517"", ""  59.888""], ["" 129.934"", "" 123.018"", ""  61.741""], ["" 133.589"", "" 119.841"", ""  59.378""], ["" 130.953"", "" 123.587"", ""  61.054""], ["" 130.549"", "" 119.290"", ""  61.402""], ["" 128.948"", "" 123.981"", ""  62.374""], ["" 134.107"", "" 123.822"", ""  62.255""], ["" 133.930"", "" 124.910"", ""  63.028""], ["" 133.991"", "" 122.664"", ""  62.667""], ["" 134.219"", "" 125.841"", ""  62.763""], ["" 133.866"", "" 124.753"", ""  64.412""], ["" 132.568"", "" 125.095"", ""  64.879""]]",[],1l_Grossjean_2025
7,3854,1q_Grossjean_2025,4h2i_c_4_mae_prepped,1,14,-5.58,-0.25363636363636366,0.0,0.0,1,189.5,-7.67,-7.39,-0.28,-7.67,0.0,-1.3,2.09,-1.3,43,6,0.0,0.0,0.0,7.331662,8.663961,8.703333,0.93215517,0.30715227,-0.19168782,70.758476,"121.570229, 48.662395, 38.87104, 7.364639, 286.658508, 38.124828, 255.159683, ","[["" 133.105"", "" 124.798"", ""  62.670""], ["" 132.891"", "" 124.746"", ""  61.341""], ["" 134.168"", "" 124.462"", ""  63.195""], ["" 131.982"", "" 125.016"", ""  60.994""], ["" 131.938"", "" 125.324"", ""  63.519""], ["" 132.079"", "" 125.050"", ""  65.029""], ["" 130.531"", "" 124.518"", ""  65.819""], ["" 129.734"", "" 125.947"", ""  66.525""], ["" 128.516"", "" 128.041"", ""  66.469""], ["" 129.107"", "" 126.966"", ""  65.767""], ["" 128.583"", "" 128.066"", ""  67.865""], ["" 129.096"", "" 126.952"", ""  64.303""], ["" 129.243"", "" 127.035"", ""  68.530""], ["" 129.085"", "" 126.945"", ""  63.145""], ["" 129.815"", "" 125.995"", ""  67.879""], ["" 127.803"", "" 129.193"", ""  65.763""], ["" 129.360"", "" 127.010"", ""  70.042""], ["" 133.857"", "" 124.291"", ""  60.330""], ["" 133.314"", "" 124.393"", ""  58.889""], ["" 133.974"", "" 123.962"", ""  57.941""], ["" 132.084"", "" 124.954"", ""  58.801""], ["" 131.927"", "" 126.274"", ""  58.301""]]",[],1q_Grossjean_2025
8,3846,2a_Ghoteimi_2023,4h2i_c_4_mae_prepped,1,4,-8.9,-0.1816326530612245,0.0,0.0,9,190.08,-12.18,-11.85,-0.33,-12.18,0.0,-3.48,3.28,-3.48,90,7,0.0,0.0,0.0,0.960822,10.686799,5.482682,-0.66762469,-0.66124067,-0.34210823,304.933105,"148.274414, 64.087502, 223.145889, 143.264282, 355.929718, 316.328766, 81.276337, 41.225918, 255.407379, 355.893646, 355.191254, ","[["" 129.968"", "" 129.253"", ""  60.750""], ["" 130.555"", "" 128.166"", ""  61.297""], ["" 130.074"", "" 129.598"", ""  59.572""], ["" 130.436"", "" 128.052"", ""  62.292""], ["" 129.150"", "" 130.112"", ""  61.723""], ["" 127.661"", "" 129.294"", ""  62.381""], ["" 128.241"", "" 127.830"", ""  63.206""], ["" 128.128"", "" 126.368"", ""  59.955""], ["" 128.302"", "" 126.480"", ""  61.094""], ["" 128.525"", "" 126.619"", ""  62.536""], ["" 128.989"", "" 125.526"", ""  63.308""], ["" 128.386"", "" 127.976"", ""  64.543""], ["" 129.132"", "" 125.701"", ""  64.692""], ["" 128.832"", "" 126.931"", ""  65.284""], ["" 129.333"", "" 124.188"", ""  62.740""], ["" 128.374"", "" 123.456"", ""  62.035""], ["" 130.601"", "" 123.630"", ""  62.925""], ["" 128.678"", "" 122.200"", ""  61.519""], ["" 130.906"", "" 122.375"", ""  62.407""], ["" 129.953"", "" 121.639"", ""  61.689""], ["" 130.273"", "" 120.371"", ""  61.194""], ["" 129.820"", "" 119.173"", ""  61.928""], ["" 131.582"", "" 120.097"", ""  60.569""], ["" 129.895"", "" 117.879"", ""  61.089""], ["" 131.616"", "" 118.780"", ""  59.767""], ["" 131.212"", "" 117.698"", ""  60.592""], ["" 128.977"", "" 127.168"", ""  66.753""], ["" 129.346"", "" 126.134"", ""  67.622""], ["" 128.732"", "" 128.433"", ""  67.299""], ["" 129.468"", "" 126.357"", ""  68.990""], ["" 128.852"", "" 128.656"", ""  68.667""], ["" 129.233"", "" 127.625"", ""  69.541""], ["" 129.330"", "" 127.828"", ""  70.922""], ["" 130.509"", "" 127.371"", ""  71.687""], ["" 128.121"", "" 127.733"", ""  71.766""], ["" 130.613"", "" 127.988"", ""  73.097""], ["" 128.297"", "" 128.338"", ""  73.175""], ["" 129.416"", "" 127.752"", ""  73.821""], ["" 131.347"", "" 127.170"", ""  60.695""], ["" 132.019"", "" 126.317"", ""  61.573""], ["" 131.485"", "" 126.979"", ""  59.312""], ["" 132.827"", "" 125.294"", ""  61.085""], ["" 132.294"", "" 125.956"", ""  58.825""], ["" 132.975"", "" 125.102"", ""  59.703""], ["" 133.840"", "" 124.010"", ""  59.141""], ["" 133.948"", "" 123.785"", ""  57.932""], ["" 134.484"", "" 123.291"", ""  60.096""], ["" 133.794"", "" 122.330"", ""  60.884""], ["" 134.251"", "" 122.445"", ""  62.341""]]",[],2a_Ghoteimi_2023
9,4165,2b_Grossjean_2025,4h2i_c_4_mae_prepped,1,14,-7.37,-0.2541379310344828,0.0,0.0,10,187.48,-9.45,-8.93,-0.52,-9.45,0.0,-0.64,2.09,-0.64,55,10,0.0,0.0,0.0,6.556978,8.218516,11.642306,-0.23404096,-0.34454406,-0.90912828,170.205383,"116.541748, 233.747421, 117.063072, 93.212524, 63.081348, 32.540134, 130.799393, ","[["" 129.928"", "" 125.244"", ""  67.171""], ["" 130.053"", "" 126.523"", ""  67.584""], ["" 129.693"", "" 124.279"", ""  67.899""], ["" 130.324"", "" 127.193"", ""  66.879""], ["" 130.119"", "" 125.023"", ""  65.667""], ["" 130.102"", "" 123.262"", ""  65.194""], ["" 130.549"", "" 123.089"", ""  63.471""], ["" 129.873"", "" 122.373"", ""  61.356""], ["" 131.085"", "" 122.751"", ""  60.786""], ["" 129.601"", "" 122.539"", ""  62.670""], ["" 132.077"", "" 123.328"", ""  61.594""], ["" 131.808"", "" 123.502"", ""  62.976""], ["" 132.810"", "" 124.094"", ""  63.868""], ["" 133.600"", "" 124.561"", ""  64.572""], ["" 128.767"", "" 121.741"", ""  60.532""], ["" 133.411"", "" 123.745"", ""  60.947""], ["" 134.426"", "" 123.143"", ""  61.567""], ["" 133.424"", "" 123.397"", ""  59.659""], ["" 133.626"", "" 125.061"", ""  61.008""], ["" 129.926"", "" 127.067"", ""  68.877""], ["" 128.685"", "" 126.895"", ""  69.488""], ["" 130.949"", "" 127.732"", ""  69.569""], ["" 128.455"", "" 127.388"", ""  70.769""], ["" 130.717"", "" 128.224"", ""  70.850""], ["" 129.469"", "" 128.062"", ""  71.466""], ["" 129.256"", "" 128.606"", ""  72.849""], ["" 129.818"", "" 129.620"", ""  73.273""], ["" 128.381"", "" 127.873"", ""  73.585""], ["" 127.157"", "" 128.433"", ""  74.039""]]",[],2b_Grossjean_2025
10,4571,2c_Grossjean_2025,4h2i_c_4_mae_prepped,1,12,-6.7,-0.24814814814814815,0.0,0.0,12,190.26,-8.49,-8.05,-0.44,-8.49,0.0,-0.57,1.79,-0.57,54,7,0.0,0.0,0.0,2.952927,7.175593,11.04795,0.3663342,0.07183234,-0.92770651,236.53891,"132.418564, 239.900635, 127.755653, 156.059708, 328.004852, 331.009674, ","[["" 130.036"", "" 125.021"", ""  65.733""], ["" 130.002"", "" 123.269"", ""  65.217""], ["" 130.508"", "" 123.143"", ""  63.506""], ["" 129.870"", "" 122.572"", ""  61.335""], ["" 131.131"", "" 122.883"", ""  60.831""], ["" 129.556"", "" 122.701"", ""  62.643""], ["" 132.126"", "" 123.348"", ""  61.702""], ["" 131.813"", "" 123.484"", ""  63.078""], ["" 132.816"", "" 123.963"", ""  64.035""], ["" 133.607"", "" 124.342"", ""  64.790""], ["" 128.760"", "" 122.058"", ""  60.440""], ["" 133.516"", "" 123.690"", ""  61.129""], ["" 134.402"", "" 122.764"", ""  61.498""], ["" 133.464"", "" 123.734"", ""  59.797""], ["" 133.971"", "" 124.872"", ""  61.552""], ["" 129.926"", "" 125.266"", ""  67.245""], ["" 130.192"", "" 126.531"", ""  67.637""], ["" 129.644"", "" 124.341"", ""  68.008""], ["" 130.525"", "" 127.163"", ""  66.924""], ["" 130.150"", "" 127.075"", ""  68.934""], ["" 129.020"", "" 127.039"", ""  69.764""], ["" 131.307"", "" 127.721"", ""  69.372""], ["" 129.068"", "" 127.622"", ""  71.027""], ["" 131.349"", "" 128.304"", ""  70.636""], ["" 130.226"", "" 128.255"", ""  71.477""], ["" 130.177"", "" 128.803"", ""  72.744""], ["" 128.916"", "" 129.170"", ""  73.294""]]",[],2c_Grossjean_2025
11,4963,2d_Grossjean_2025,4h2i_c_4_mae_prepped,1,10,-6.2,-0.248,0.0,0.0,1,186.45,-7.69,-7.58,-0.11,-7.69,0.0,-0.8,1.49,-0.8,55,2,0.0,0.0,0.0,4.613824,7.63663,7.885501,0.24714428,-0.67466395,-0.69552014,170.163727,"131.184448, 294.03656, 204.523193, 30.739439, 173.540802, ","[["" 129.312"", "" 122.123"", ""  63.091""], ["" 130.829"", "" 123.031"", ""  63.321""], ["" 131.910"", "" 124.585"", ""  64.677""], ["" 133.048"", "" 124.566"", ""  63.873""], ["" 130.818"", "" 123.831"", ""  64.415""], ["" 133.085"", "" 123.728"", ""  62.750""], ["" 131.950"", "" 122.927"", ""  62.463""], ["" 131.956"", "" 122.001"", ""  61.328""], ["" 131.962"", "" 121.269"", ""  60.432""], ["" 131.820"", "" 125.469"", ""  65.906""], ["" 134.356"", "" 123.713"", ""  61.879""], ["" 134.108"", "" 124.284"", ""  60.700""], ["" 135.335"", "" 124.385"", ""  62.487""], ["" 134.805"", "" 122.479"", ""  61.641""], ["" 127.925"", "" 123.306"", ""  63.029""], ["" 127.064"", "" 123.154"", ""  61.772""], ["" 127.718"", "" 123.277"", ""  60.598""], ["" 125.864"", "" 122.907"", ""  61.895""], ["" 128.720"", "" 123.390"", ""  60.653""], ["" 127.213"", "" 123.196"", ""  59.287""], ["" 125.988"", "" 123.829"", ""  59.061""], ["" 127.844"", "" 122.508"", ""  58.236""], ["" 125.404"", "" 123.798"", ""  57.797""], ["" 127.257"", "" 122.478"", ""  56.975""], ["" 126.043"", "" 123.124"", ""  56.759""]]",[],2d_Grossjean_2025
12,4357,2h_Grossjean_2025,4h2i_c_4_mae_prepped,1,7,-5.73,-0.1790625,0.0,0.0,1,193.56,-8.42,-7.87,-0.54,-8.42,0.0,-1.97,2.68,-1.97,54,12,0.0,0.0,0.0,2.189194,8.067231,9.500665,0.62312206,0.5920881,0.51102894,168.732544,"358.647003, 114.082291, 113.401161, 216.060669, 16.944973, 167.947937, 252.689941, 143.538361, 99.973267, ","[["" 129.861"", "" 125.651"", ""  67.667""], ["" 129.696"", "" 126.931"", ""  67.288""], ["" 129.383"", "" 125.186"", ""  68.703""], ["" 130.092"", "" 127.229"", ""  66.408""], ["" 130.689"", "" 124.779"", ""  66.712""], ["" 132.316"", "" 125.466"", ""  66.255""], ["" 132.440"", "" 125.360"", ""  64.483""], ["" 133.791"", "" 124.662"", ""  62.720""], ["" 132.872"", "" 125.112"", ""  61.775""], ["" 133.585"", "" 124.777"", ""  64.051""], ["" 131.672"", "" 125.699"", ""  62.203""], ["" 131.437"", "" 125.821"", ""  63.597""], ["" 130.175"", "" 126.372"", ""  64.096""], ["" 129.176"", "" 126.805"", ""  64.488""], ["" 135.096"", "" 124.007"", ""  62.309""], ["" 130.663"", "" 126.183"", ""  61.143""], ["" 130.421"", "" 127.484"", ""  61.306""], ["" 131.104"", "" 126.012"", ""  59.895""], ["" 129.517"", "" 125.512"", ""  61.260""], ["" 128.861"", "" 127.910"", ""  67.985""], ["" 128.742"", "" 127.655"", ""  69.487""], ["" 129.760"", "" 128.047"", ""  70.369""], ["" 127.606"", "" 127.019"", ""  69.989""], ["" 129.611"", "" 127.835"", ""  71.750""], ["" 127.468"", "" 126.793"", ""  71.356""], ["" 128.468"", "" 127.201"", ""  72.253""], ["" 130.884"", "" 128.671"", ""  69.882""], ["" 131.902"", "" 127.784"", ""  69.436""], ["" 130.598"", "" 128.235"", ""  72.619""], ["" 131.329"", "" 127.163"", ""  73.200""], ["" 128.398"", "" 127.018"", ""  73.623""], ["" 128.168"", "" 128.141"", ""  74.466""]]",[],2h_Grossjean_2025
13,4216,2i_Grossjean_2025,4h2i_c_4_mae_prepped,1,3,-6.42,-0.2675,0.0,0.0,1,187.11,-7.91,-7.73,-0.18,-7.91,0.0,-1.26,1.49,-1.26,51,10,0.0,0.0,0.0,7.519302,5.457857,5.689842,0.9537754,-0.17561396,-0.24386927,262.361694,"286.308502, 23.113838, 147.51593, 317.470245, 98.723114, ","[["" 133.507"", "" 122.600"", ""  62.163""], ["" 131.943"", "" 123.035"", ""  62.907""], ["" 129.626"", "" 122.766"", ""  62.835""], ["" 129.446"", "" 123.611"", ""  63.927""], ["" 130.847"", "" 122.479"", ""  62.329""], ["" 130.565"", "" 124.195"", ""  64.539""], ["" 131.851"", "" 123.902"", ""  64.020""], ["" 133.055"", "" 124.484"", ""  64.622""], ["" 134.005"", "" 124.943"", ""  65.097""], ["" 128.452"", "" 122.106"", ""  62.137""], ["" 130.347"", "" 125.129"", ""  65.745""], ["" 129.485"", "" 124.575"", ""  66.600""], ["" 131.503"", "" 125.343"", ""  66.374""], ["" 129.855"", "" 126.319"", ""  65.395""], ["" 133.199"", "" 122.125"", ""  60.436""], ["" 132.798"", "" 120.654"", ""  60.302""], ["" 131.589"", "" 120.326"", ""  60.805""], ["" 133.566"", "" 119.873"", ""  59.736""], ["" 131.033"", "" 121.065"", ""  61.210""], ["" 130.999"", "" 119.073"", ""  60.791""], ["" 131.332"", "" 118.228"", ""  59.839""], ["" 130.043"", "" 118.515"", ""  61.651""], ["" 130.598"", "" 117.061"", ""  60.062""], ["" 129.825"", "" 117.249"", ""  61.158""]]",[],2i_Grossjean_2025
14,3969,3ab_Grossjean_2025,4h2i_c_4_mae_prepped,1,14,-7.7,-0.22647058823529412,0.0,0.0,2,188.88,-10.09,-9.57,-0.52,-10.09,0.0,-1.07,2.39,-1.07,57,9,0.0,0.0,0.0,5.792506,9.471416,8.713929,-0.12952561,0.69118915,-0.71097164,185.343216,"7.721843, 146.54425, 139.843643, 318.236664, 325.053833, 209.873459, 255.356079, 123.008621, ","[["" 129.783"", "" 125.264"", ""  67.065""], ["" 129.986"", "" 126.550"", ""  67.424""], ["" 129.625"", "" 124.322"", ""  67.841""], ["" 130.151"", "" 127.200"", ""  66.669""], ["" 129.758"", "" 125.000"", ""  65.558""], ["" 131.359"", "" 125.356"", ""  64.774""], ["" 131.236"", "" 124.874"", ""  63.064""], ["" 134.802"", "" 124.779"", ""  63.150""], ["" 133.719"", "" 124.711"", ""  62.747""], ["" 132.350"", "" 124.625"", ""  62.233""], ["" 132.103"", "" 124.247"", ""  60.889""], ["" 130.773"", "" 124.125"", ""  60.461""], ["" 129.960"", "" 124.732"", ""  62.633""], ["" 129.718"", "" 124.373"", ""  61.346""], ["" 133.236"", "" 123.960"", ""  59.885""], ["" 132.795"", "" 123.830"", ""  58.631""], ["" 134.122"", "" 124.957"", ""  59.894""], ["" 133.858"", "" 122.827"", ""  60.212""], ["" 128.278"", "" 124.239"", ""  60.947""], ["" 127.423"", "" 123.356"", ""  61.625""], ["" 127.746"", "" 124.989"", ""  59.883""], ["" 126.086"", "" 123.228"", ""  61.259""], ["" 126.409"", "" 124.865"", ""  59.514""], ["" 125.583"", "" 123.985"", ""  60.206""], ["" 130.052"", "" 127.131"", ""  68.704""], ["" 131.193"", "" 127.738"", ""  69.253""], ["" 128.880"", "" 127.070"", ""  69.459""], ["" 131.147"", "" 128.278"", ""  70.536""], ["" 128.836"", "" 127.612"", ""  70.740""], ["" 129.968"", "" 128.223"", ""  71.295""], ["" 129.887"", "" 128.795"", ""  72.681""], ["" 129.801"", "" 130.005"", ""  72.910""], ["" 129.921"", "" 127.849"", ""  73.654""], ["" 130.620"", "" 126.627"", ""  73.462""]]",[],3ab_Grossjean_2025
15,5228,3ad_Grossjean_2025,4h2i_c_4_mae_prepped,1,14,-7.69,-0.25633333333333336,0.0,0.0,7,189.87,-9.48,-9.11,-0.38,-9.48,0.0,-1.72,1.79,-1.72,50,6,0.0,0.0,0.0,5.386945,9.477113,10.756594,-0.86235546,0.41445351,-0.29081153,135.889816,"206.591583, 50.42704, 144.365753, 191.457825, 159.234573, 90.955093, ","[["" 130.730"", "" 124.827"", ""  66.061""], ["" 129.731"", "" 126.204"", ""  66.582""], ["" 129.408"", "" 126.888"", ""  63.094""], ["" 129.277"", "" 126.983"", ""  64.240""], ["" 129.107"", "" 127.106"", ""  65.692""], ["" 128.340"", "" 128.160"", ""  66.244""], ["" 128.247"", "" 128.261"", ""  67.640""], ["" 129.645"", "" 126.334"", ""  67.927""], ["" 128.905"", "" 127.339"", ""  68.461""], ["" 127.608"", "" 129.201"", ""  65.375""], ["" 127.322"", "" 128.747"", ""  64.153""], ["" 126.457"", "" 129.548"", ""  65.954""], ["" 128.364"", "" 130.290"", ""  65.229""], ["" 128.852"", "" 127.409"", ""  69.959""], ["" 127.712"", "" 126.981"", ""  70.657""], ["" 129.940"", "" 127.898"", ""  70.701""], ["" 127.657"", "" 127.042"", ""  72.047""], ["" 129.888"", "" 127.962"", ""  72.092""], ["" 128.746"", "" 127.534"", ""  72.759""], ["" 132.406"", "" 125.461"", ""  65.755""], ["" 132.920"", "" 125.088"", ""  64.363""], ["" 132.148"", "" 125.495"", ""  63.333""], ["" 133.973"", "" 124.459"", ""  64.262""], ["" 131.339"", "" 126.049"", ""  63.575""], ["" 132.321"", "" 125.309"", ""  61.949""], ["" 133.155"", "" 124.248"", ""  61.580""], ["" 131.738"", "" 126.110"", ""  60.952""], ["" 133.398"", "" 123.979"", ""  60.236""], ["" 131.983"", "" 125.837"", ""  59.609""], ["" 132.810"", "" 124.774"", ""  59.256""]]",[],3ad_Grossjean_2025
16,4415,3ai_Grossjean_2025,4h2i_c_4_mae_prepped,1,5,-7.1,-0.24482758620689654,0.0,0.0,5,188.81,-8.89,-8.73,-0.16,-8.89,0.0,-0.79,1.79,-0.79,58,6,0.0,0.0,0.0,3.377567,8.406326,10.60293,-0.84298777,0.33390438,0.42175761,236.081787,"77.4356, 243.728119, 12.288025, 138.371582, 200.133224, 254.785629, ","[["" 130.635"", "" 124.691"", ""  66.919""], ["" 129.661"", "" 126.141"", ""  67.265""], ["" 129.520"", "" 126.528"", ""  63.720""], ["" 129.338"", "" 126.727"", ""  64.846""], ["" 129.107"", "" 126.980"", ""  66.271""], ["" 128.348"", "" 128.098"", ""  66.694""], ["" 128.196"", "" 128.323"", ""  68.071""], ["" 129.520"", "" 126.393"", ""  68.589""], ["" 128.786"", "" 127.459"", ""  68.999""], ["" 127.689"", "" 129.079"", ""  65.705""], ["" 128.341"", "" 130.240"", ""  65.616""], ["" 127.658"", "" 128.541"", ""  64.485""], ["" 126.443"", "" 129.351"", ""  66.090""], ["" 128.665"", "" 127.657"", ""  70.480""], ["" 129.605"", "" 128.432"", ""  71.178""], ["" 127.607"", "" 127.084"", ""  71.207""], ["" 129.497"", "" 128.624"", ""  72.552""], ["" 127.496"", "" 127.274"", ""  72.581""], ["" 128.442"", "" 128.044"", ""  73.249""], ["" 129.865"", "" 123.823"", ""  65.510""], ["" 130.766"", "" 123.661"", ""  64.277""], ["" 132.083"", "" 123.862"", ""  64.510""], ["" 130.286"", "" 123.370"", ""  63.179""], ["" 132.356"", "" 124.095"", ""  65.454""], ["" 133.121"", "" 123.790"", ""  63.590""], ["" 134.142"", "" 124.627"", ""  63.503""], ["" 133.211"", "" 122.793"", ""  62.620""], ["" 134.940"", "" 124.181"", ""  62.448""], ["" 134.365"", "" 123.072"", ""  61.925""]]",[],3ai_Grossjean_2025
17,5685,3bf_Grossjean_2025,4h2i_c_4_mae_prepped,3,10,-7.49,-0.27740740740740744,0.0,0.0,8,191.0,-8.98,-8.66,-0.32,-8.98,0.0,-1.78,1.49,-1.78,43,6,0.0,0.0,0.0,5.679288,9.38991,9.68497,0.80409297,-0.19747039,-0.56074945,136.873093,"286.981598, 27.021969, 43.340351, 228.095215, 3.019638, ","[["" 130.726"", "" 124.831"", ""  66.228""], ["" 129.746"", "" 126.232"", ""  66.722""], ["" 128.359"", "" 128.178"", ""  66.358""], ["" 129.110"", "" 127.112"", ""  65.818""], ["" 128.265"", "" 128.314"", ""  67.747""], ["" 129.180"", "" 126.922"", ""  64.367""], ["" 128.906"", "" 127.394"", ""  68.585""], ["" 129.236"", "" 126.775"", ""  63.220""], ["" 129.625"", "" 126.363"", ""  68.067""], ["" 127.629"", "" 129.196"", ""  65.485""], ["" 128.827"", "" 127.471"", ""  70.080""], ["" 129.873"", "" 128.038"", ""  70.824""], ["" 127.710"", "" 126.977"", ""  70.774""], ["" 129.806"", "" 128.112"", ""  72.213""], ["" 127.639"", "" 127.051"", ""  72.163""], ["" 128.688"", "" 127.619"", ""  72.877""], ["" 132.404"", "" 125.427"", ""  65.830""], ["" 132.900"", "" 125.084"", ""  64.417""], ["" 132.076"", "" 125.475"", ""  63.421""], ["" 133.959"", "" 124.474"", ""  64.253""], ["" 131.200"", "" 125.892"", ""  63.698""], ["" 132.239"", "" 125.326"", ""  62.031""], ["" 133.018"", "" 124.333"", ""  61.411""], ["" 131.597"", "" 126.259"", ""  61.209""], ["" 133.157"", "" 124.237"", ""  60.063""], ["" 131.731"", "" 126.173"", ""  59.822""], ["" 132.515"", "" 125.149"", ""  59.291""]]",[],3bf_Grossjean_2025
18,6159,3bg_Grossjean_2025,4h2i_c_4_mae_prepped,1,19,-8.21,-0.29321428571428576,0.0,0.0,1,192.57,-10.0,-9.69,-0.3,-10.0,0.0,-0.39,1.79,-0.39,59,3,0.0,0.0,0.0,-0.19131,14.314437,7.693994,-0.94354905,0.23321136,-0.23521832,116.368675,"94.67485, 119.586754, 158.708435, 50.56852, 321.873383, 264.616119, ","[["" 128.350"", "" 129.505"", ""  64.297""], ["" 127.528"", "" 129.267"", ""  65.907""], ["" 128.427"", "" 128.019"", ""  66.815""], ["" 129.821"", "" 126.052"", ""  66.975""], ["" 129.105"", "" 126.964"", ""  66.170""], ["" 129.821"", "" 126.219"", ""  68.363""], ["" 129.093"", "" 126.820"", ""  64.712""], ["" 129.112"", "" 127.279"", ""  68.943""], ["" 129.084"", "" 126.705"", ""  63.561""], ["" 128.434"", "" 128.164"", ""  68.165""], ["" 130.616"", "" 124.887"", ""  66.387""], ["" 129.080"", "" 127.521"", ""  70.427""], ["" 130.168"", "" 128.117"", ""  71.087""], ["" 127.962"", "" 127.161"", ""  71.200""], ["" 130.135"", "" 128.359"", ""  72.457""], ["" 127.923"", "" 127.403"", ""  72.570""], ["" 129.010"", "" 128.005"", ""  73.194""], ["" 128.362"", "" 130.978"", ""  63.876""], ["" 129.380"", "" 131.366"", ""  63.089""], ["" 127.457"", "" 131.728"", ""  64.242""], ["" 130.075"", "" 130.680"", ""  62.835""], ["" 129.492"", "" 132.665"", ""  62.425""], ["" 129.877"", "" 132.520"", ""  60.957""], ["" 129.066"", "" 133.076"", ""  59.962""], ["" 131.052"", "" 131.850"", ""  60.606""], ["" 129.412"", "" 132.935"", ""  58.622""], ["" 131.399"", "" 131.709"", ""  59.264""], ["" 130.576"", "" 132.248"", ""  58.279""]]",[],3bg_Grossjean_2025
19,4451,3ck_Grossjean_2025,4h2i_c_4_mae_prepped,1,14,-6.05,-0.19516129032258064,0.0,0.0,1,189.84,-9.93,-9.35,-0.57,-9.93,0.0,-2.13,3.88,-2.13,46,5,0.0,0.0,0.0,2.721683,15.763178,12.899104,-0.29062039,0.95118438,0.10386563,247.764343,"70.900269, 45.919312, 230.685013, 184.481232, 206.701263, 164.26088, 304.767822, 3.036681, 21.630848, 334.03717, 122.178467, 190.735519, 353.599091, ","[["" 128.943"", "" 127.980"", ""  70.216""], ["" 128.641"", "" 126.967"", ""  69.268""], ["" 127.365"", "" 127.348"", ""  68.494""], ["" 127.626"", "" 127.924"", ""  67.172""], ["" 128.138"", "" 129.146"", ""  66.935""], ["" 128.474"", "" 129.922"", ""  67.831""], ["" 127.391"", "" 127.342"", ""  66.381""], ["" 128.288"", "" 129.524"", ""  65.453""], ["" 127.992"", "" 128.170"", ""  64.265""], ["" 129.199"", "" 126.880"", ""  64.534""], ["" 130.064"", "" 127.589"", ""  61.150""], ["" 130.086"", "" 127.103"", ""  62.200""], ["" 130.113"", "" 126.486"", ""  63.531""], ["" 131.049"", "" 125.464"", ""  63.837""], ["" 131.005"", "" 124.882"", ""  65.111""], ["" 129.178"", "" 126.306"", ""  65.764""], ["" 130.067"", "" 125.326"", ""  66.039""], ["" 129.985"", "" 124.734"", ""  67.432""], ["" 132.087"", "" 124.972"", ""  62.882""], ["" 131.727"", "" 124.602"", ""  61.581""], ["" 133.425"", "" 124.852"", ""  63.281""], ["" 132.689"", "" 124.133"", ""  60.689""], ["" 134.387"", "" 124.383"", ""  62.392""], ["" 134.015"", "" 124.027"", ""  61.098""], ["" 128.905"", "" 127.558"", ""  71.571""], ["" 129.360"", "" 128.726"", ""  72.454""], ["" 130.626"", "" 128.416"", ""  73.019""], ["" 130.666"", "" 127.163"", ""  73.692""], ["" 132.102"", "" 126.624"", ""  73.674""], ["" 132.847"", "" 127.217"", ""  74.729""], ["" 134.211"", "" 126.827"", ""  74.747""]]",[],3ck_Grossjean_2025
20,6543,4aa_Grossjean_2025,4h2i_c_4_mae_prepped,1,4,-6.99,-0.2410344827586207,0.0,0.0,6,189.78,-8.78,-8.22,-0.56,-8.78,0.0,-0.49,1.79,-0.49,47,8,0.0,0.0,0.0,4.632196,9.363202,10.457956,0.8250741,-0.26092246,-0.50117083,215.060684,"50.916134, 268.737427, 319.43988, 101.213737, 75.741417, 28.844229, ","[["" 129.886"", "" 126.998"", ""  68.764""], ["" 130.857"", "" 127.695"", ""  69.484""], ["" 130.594"", "" 128.136"", ""  70.778""], ["" 129.349"", "" 127.896"", ""  71.375""], ["" 128.372"", "" 127.202"", ""  70.643""], ["" 128.635"", "" 126.757"", ""  69.349""], ["" 130.255"", "" 126.606"", ""  67.462""], ["" 129.745"", "" 124.378"", ""  67.402""], ["" 130.160"", "" 125.400"", ""  66.854""], ["" 130.666"", "" 127.346"", ""  66.910""], ["" 130.618"", "" 125.364"", ""  65.463""], ["" 131.926"", "" 125.214"", ""  64.977""], ["" 129.453"", "" 125.461"", ""  64.140""], ["" 132.016"", "" 125.186"", ""  63.541""], ["" 130.724"", "" 125.312"", ""  62.948""], ["" 133.117"", "" 125.059"", ""  62.653""], ["" 130.468"", "" 125.318"", ""  61.639""], ["" 132.852"", "" 125.063"", ""  61.279""], ["" 131.542"", "" 125.191"", ""  60.822""], ["" 134.564"", "" 124.917"", ""  63.103""], ["" 131.229"", "" 125.195"", ""  59.337""], ["" 133.032"", "" 125.106"", ""  65.781""], ["" 133.847"", "" 125.687"", ""  65.647""], ["" 133.070"", "" 124.435"", ""  66.536""], ["" 129.096"", "" 128.390"", ""  72.769""], ["" 129.655"", "" 129.382"", ""  73.249""], ["" 128.191"", "" 127.640"", ""  73.449""], ["" 126.859"", "" 128.096"", ""  73.644""], ["" 126.836"", "" 129.132"", ""  74.773""]]",[],4aa_Grossjean_2025
21,4377,4af_Grossjean_2025,4h2i_c_4_mae_prepped,1,6,-6.35,-0.26458333333333334,0.0,0.0,6,188.75,-7.24,-7.05,-0.19,-7.24,0.0,-0.2,0.89,-0.2,42,6,0.0,0.0,0.0,5.35238,7.126457,8.882717,0.41326141,0.69056883,-0.59357366,70.391541,"325.387543, 208.748566, 141.548248, ","[["" 130.883"", "" 124.062"", ""  65.233""], ["" 132.099"", "" 124.456"", ""  64.651""], ["" 132.455"", "" 123.706"", ""  63.476""], ["" 133.572"", "" 123.772"", ""  62.600""], ["" 134.723"", "" 124.752"", ""  62.758""], ["" 133.613"", "" 122.875"", ""  61.526""], ["" 132.580"", "" 121.958"", ""  61.344""], ["" 132.604"", "" 120.973"", ""  60.189""], ["" 131.500"", "" 121.867"", ""  62.158""], ["" 131.464"", "" 122.723"", ""  63.180""], ["" 130.145"", "" 122.737"", ""  64.329""], ["" 130.240"", "" 124.583"", ""  66.441""], ["" 129.462"", "" 123.881"", ""  67.089""], ["" 130.577"", "" 125.852"", ""  66.776""], ["" 131.270"", "" 126.297"", ""  66.192""], ["" 130.109"", "" 126.653"", ""  67.835""], ["" 131.070"", "" 127.354"", ""  68.573""], ["" 128.759"", "" 126.826"", ""  68.191""], ["" 130.764"", "" 128.173"", ""  69.610""], ["" 128.428"", "" 127.666"", ""  69.255""], ["" 129.456"", "" 128.318"", ""  69.938""], ["" 132.890"", "" 125.463"", ""  65.144""], ["" 132.497"", "" 126.309"", ""  65.533""], ["" 133.898"", "" 125.389"", ""  65.138""]]",[],4af_Grossjean_2025
22,4266,4aj_Grossjean_2025,4h2i_c_4_mae_prepped,1,7,-6.18,-0.26869565217391306,0.0,0.0,10,188.91,-7.07,-6.87,-0.21,-7.07,0.0,-0.13,0.89,-0.13,42,7,0.0,0.0,0.0,5.217207,7.409401,9.230412,0.35011242,0.69571988,-0.6272122,77.584335,"129.69986, 215.025253, 286.772644, ","[["" 130.587"", "" 124.333"", ""  65.775""], ["" 131.748"", "" 124.635"", ""  65.046""], ["" 131.897"", "" 123.864"", ""  63.841""], ["" 132.894"", "" 123.853"", ""  62.829""], ["" 134.120"", "" 124.752"", ""  62.828""], ["" 132.734"", "" 122.957"", ""  61.765""], ["" 131.627"", "" 122.114"", ""  61.723""], ["" 131.436"", "" 121.131"", ""  60.583""], ["" 130.656"", "" 122.098"", ""  62.669""], ["" 130.810"", "" 122.953"", ""  63.681""], ["" 129.651"", "" 123.062"", ""  64.986""], ["" 130.130"", "" 124.912"", ""  67.040""], ["" 129.490"", "" 124.234"", ""  67.848""], ["" 130.472"", "" 126.208"", ""  67.245""], ["" 131.003"", "" 126.666"", ""  66.519""], ["" 130.175"", "" 126.982"", ""  68.358""], ["" 131.005"", "" 127.694"", ""  69.091""], ["" 128.518"", "" 127.041"", ""  68.863""], ["" 130.377"", "" 128.312"", ""  70.073""], ["" 129.002"", "" 128.103"", ""  70.151""], ["" 132.665"", "" 125.580"", ""  65.429""], ["" 133.571"", "" 125.326"", ""  65.794""], ["" 132.462"", "" 126.568"", ""  65.360""]]",[],4aj_Grossjean_2025
23,5105,4ak_Grossjean_2025,4h2i_c_4_mae_prepped,1,14,-5.31,-0.18964285714285714,0.0,0.0,1,189.27,-8.59,-7.9,-0.69,-8.59,0.0,-0.54,3.28,-0.54,52,9,0.0,0.0,0.0,5.803707,8.285364,15.720277,0.94982765,0.27502653,0.14895585,193.548248,"326.353729, 228.098877, 318.385498, 60.248234, 246.031601, 307.58728, 206.470154, 202.351242, 68.137459, 4.406153, 286.493164, ","[["" 130.257"", "" 127.627"", ""  69.909""], ["" 129.527"", "" 126.661"", ""  69.165""], ["" 129.256"", "" 127.206"", ""  67.751""], ["" 129.812"", "" 126.373"", ""  66.685""], ["" 129.472"", "" 124.357"", ""  67.652""], ["" 129.893"", "" 125.027"", ""  66.708""], ["" 130.171"", "" 126.863"", ""  65.878""], ["" 130.505"", "" 124.400"", ""  65.539""], ["" 131.727"", "" 124.710"", ""  64.921""], ["" 129.678"", "" 123.089"", ""  64.698""], ["" 132.025"", "" 123.893"", ""  63.776""], ["" 130.978"", "" 122.954"", ""  63.535""], ["" 133.130"", "" 123.863"", ""  62.883""], ["" 130.952"", "" 122.056"", ""  62.549""], ["" 133.106"", "" 122.921"", ""  61.847""], ["" 132.023"", "" 122.055"", ""  61.717""], ["" 134.335"", "" 124.784"", ""  62.986""], ["" 131.974"", "" 121.027"", ""  60.601""], ["" 132.574"", "" 125.696"", ""  65.360""], ["" 133.577"", "" 125.611"", ""  65.282""], ["" 132.218"", "" 126.547"", ""  65.773""], ["" 129.522"", "" 128.810"", ""  70.194""], ["" 129.142"", "" 128.825"", ""  71.679""], ["" 130.323"", "" 128.909"", ""  72.465""], ["" 130.614"", "" 127.723"", ""  73.192""], ["" 129.934"", "" 126.529"", ""  72.510""], ["" 128.656"", "" 126.313"", ""  73.097""], ["" 127.605"", "" 126.233"", ""  72.148""]]",[],4ak_Grossjean_2025
24,6263,4bb_Grossjean_2025,4h2i_c_4_mae_prepped,1,18,-6.88,-0.22933333333333333,0.0,0.0,15,187.87,-8.37,-8.13,-0.24,-8.37,0.0,-0.86,1.49,-0.86,50,4,0.0,0.0,0.0,5.305814,7.831131,9.334578,0.81509906,-0.17751142,-0.55145554,188.698883,"169.394135, 120.111122, 28.112808, 6.798199, 340.619965, ","[["" 129.484"", "" 123.978"", ""  67.147""], ["" 130.202"", "" 124.795"", ""  66.571""], ["" 130.568"", "" 125.991"", ""  67.095""], ["" 131.202"", "" 126.542"", ""  66.536""], ["" 130.752"", "" 124.501"", ""  65.245""], ["" 130.271"", "" 123.604"", ""  64.277""], ["" 132.172"", "" 125.365"", ""  64.662""], ["" 131.039"", "" 123.584"", ""  63.057""], ["" 132.122"", "" 124.513"", ""  63.136""], ["" 130.918"", "" 122.841"", ""  61.844""], ["" 133.022"", "" 124.743"", ""  62.181""], ["" 131.868"", "" 123.088"", ""  60.842""], ["" 132.880"", "" 124.023"", ""  61.045""], ["" 133.916"", "" 124.299"", ""  59.971""], ["" 129.171"", "" 122.809"", ""  64.472""], ["" 128.730"", "" 122.718"", ""  65.376""], ["" 128.761"", "" 122.282"", ""  63.712""], ["" 129.823"", "" 121.802"", ""  61.575""], ["" 129.839"", "" 120.790"", ""  62.446""], ["" 128.624"", "" 122.380"", ""  61.656""], ["" 129.982"", "" 121.284"", ""  60.358""], ["" 130.223"", "" 126.583"", ""  68.326""], ["" 131.173"", "" 127.451"", ""  68.868""], ["" 129.014"", "" 126.375"", ""  69.008""], ["" 130.932"", "" 128.092"", ""  70.080""], ["" 128.775"", "" 127.019"", ""  70.219""], ["" 129.731"", "" 127.883"", ""  70.769""], ["" 129.498"", "" 128.588"", ""  72.072""], ["" 130.266"", "" 129.432"", ""  72.537""], ["" 128.234"", "" 128.248"", ""  72.864""]]",[],4bb_Grossjean_2025
25,5636,4bc_Grossjean_2025,4h2i_c_4_mae_prepped,1,4,-5.76,-0.1986206896551724,0.0,0.0,3,189.07,-7.25,-6.85,-0.4,-7.25,0.0,-0.38,1.49,-0.38,45,6,0.0,0.0,0.0,4.757098,9.006236,9.344149,-0.78693113,0.04533173,0.6153734,167.65892,"345.362427, 124.744164, 288.718262, 154.359772, 147.895142, ","[["" 129.490"", "" 124.723"", ""  67.398""], ["" 129.848"", "" 125.801"", ""  66.921""], ["" 129.945"", "" 126.949"", ""  67.636""], ["" 130.314"", "" 127.750"", ""  67.146""], ["" 130.209"", "" 125.909"", ""  65.505""], ["" 131.346"", "" 125.408"", ""  64.851""], ["" 129.148"", "" 126.755"", ""  64.381""], ["" 131.386"", "" 125.691"", ""  63.437""], ["" 130.230"", "" 126.435"", ""  63.046""], ["" 132.327"", "" 125.379"", ""  62.411""], ["" 129.959"", "" 126.861"", ""  61.813""], ["" 132.036"", "" 125.830"", ""  61.114""], ["" 130.871"", "" 126.550"", ""  60.863""], ["" 130.545"", "" 127.049"", ""  59.467""], ["" 132.336"", "" 124.709"", ""  65.495""], ["" 133.026"", "" 124.172"", ""  64.991""], ["" 132.409"", "" 124.713"", ""  66.503""], ["" 133.621"", "" 124.587"", ""  62.637""], ["" 134.402"", "" 125.124"", ""  63.576""], ["" 133.327"", "" 123.346"", ""  63.021""], ["" 134.327"", "" 124.544"", ""  61.507""], ["" 129.643"", "" 127.182"", ""  68.990""], ["" 128.384"", "" 126.763"", ""  69.422""], ["" 130.531"", "" 127.763"", ""  69.909""], ["" 128.003"", "" 126.939"", ""  70.750""], ["" 130.147"", "" 127.937"", ""  71.236""], ["" 128.875"", "" 127.527"", ""  71.666""], ["" 128.410"", "" 127.660"", ""  72.961""], ["" 127.007"", "" 127.732"", ""  73.191""]]",[],4bc_Grossjean_2025
26,3954,4be_Grossjean_2025,4h2i_c_4_mae_prepped,1,19,-5.96,-0.21285714285714286,0.0,0.0,6,187.38,-7.16,-7.05,-0.11,-7.16,0.0,-0.66,1.19,-0.66,50,3,0.0,0.0,0.0,5.320258,7.379169,8.742625,-0.82134715,0.31206114,0.47750049,147.082077,"329.508423, 33.017864, 166.679794, 127.305664, ","[["" 130.808"", "" 124.421"", ""  65.221""], ["" 130.357"", "" 123.502"", ""  64.262""], ["" 131.204"", "" 123.402"", ""  63.098""], ["" 131.138"", "" 122.606"", ""  61.915""], ["" 132.158"", "" 122.782"", ""  60.967""], ["" 133.183"", "" 123.697"", ""  61.193""], ["" 134.290"", "" 123.898"", ""  60.175""], ["" 133.275"", "" 124.462"", ""  62.305""], ["" 132.310"", "" 124.301"", ""  63.208""], ["" 132.293"", "" 125.215"", ""  64.698""], ["" 130.190"", "" 124.786"", ""  66.499""], ["" 129.491"", "" 123.978"", ""  67.114""], ["" 130.463"", "" 126.039"", ""  66.942""], ["" 131.082"", "" 126.593"", ""  66.368""], ["" 130.045"", "" 126.667"", ""  68.129""], ["" 128.779"", "" 126.523"", ""  68.619""], ["" 130.996"", "" 127.466"", ""  68.774""], ["" 128.449"", "" 127.168"", ""  69.767""], ["" 130.642"", "" 128.123"", ""  69.955""], ["" 129.351"", "" 127.976"", ""  70.464""], ["" 127.028"", "" 126.962"", ""  70.255""], ["" 129.216"", "" 122.757"", ""  64.414""], ["" 128.739"", "" 122.685"", ""  65.301""], ["" 128.816"", "" 122.246"", ""  63.639""], ["" 130.034"", "" 121.585"", ""  61.624""], ["" 129.851"", "" 120.715"", ""  62.621""], ["" 128.876"", "" 122.215"", ""  61.429""], ["" 130.343"", "" 120.884"", ""  60.533""]]",[],4be_Grossjean_2025
27,5872,4bh_Grossjean_2025,4h2i_c_4_mae_prepped,1,8,-5.51,-0.16205882352941176,0.0,0.0,2,189.83,-7.9,-7.71,-0.19,-7.9,0.0,-0.78,2.39,-0.78,54,6,0.0,0.0,0.0,2.332185,11.919497,6.792935,0.73350203,-0.07590581,-0.67543547,151.935516,"102.417892, 256.287048, 103.029755, 276.718536, 302.426056, 162.833344, 251.384674, 304.56781, ","[["" 126.019"", "" 129.772"", ""  62.970""], ["" 127.139"", "" 129.942"", ""  63.456""], ["" 127.970"", "" 130.919"", ""  63.038""], ["" 128.904"", "" 130.948"", ""  63.424""], ["" 127.624"", "" 129.114"", ""  64.560""], ["" 128.451"", "" 127.981"", ""  64.505""], ["" 127.233"", "" 129.543"", ""  66.222""], ["" 128.764"", "" 127.418"", ""  65.796""], ["" 128.157"", "" 128.191"", ""  66.834""], ["" 129.534"", "" 126.288"", ""  66.201""], ["" 128.253"", "" 127.949"", ""  68.141""], ["" 129.630"", "" 126.038"", ""  67.579""], ["" 128.992"", "" 126.872"", ""  68.493""], ["" 129.090"", "" 126.616"", ""  69.986""], ["" 128.916"", "" 127.448"", ""  63.330""], ["" 128.331"", "" 126.879"", ""  62.733""], ["" 129.866"", "" 127.601"", ""  63.023""], ["" 130.251"", "" 125.341"", ""  65.233""], ["" 131.381"", "" 125.854"", ""  64.739""], ["" 130.569"", "" 124.210"", ""  65.860""], ["" 129.454"", "" 125.064"", ""  64.201""], ["" 127.696"", "" 131.859"", ""  61.951""], ["" 128.850"", "" 132.006"", ""  60.967""], ["" 128.640"", "" 132.606"", ""  59.725""], ["" 130.107"", "" 131.479"", ""  61.272""], ["" 129.682"", "" 132.712"", ""  58.791""], ["" 131.169"", "" 131.577"", ""  60.361""], ["" 130.945"", "" 132.201"", ""  59.125""], ["" 129.545"", "" 133.295"", ""  57.544""], ["" 129.023"", "" 132.526"", ""  56.466""], ["" 132.441"", "" 131.090"", ""  60.602""], ["" 133.172"", "" 131.574"", ""  61.724""], ["" 131.972"", "" 132.288"", ""  58.215""], ["" 132.308"", "" 131.050"", ""  57.603""]]",[],4bh_Grossjean_2025
28,4762,4cb_Grossjean_2025,4h2i_c_4_mae_prepped,1,19,-7.6,-0.2111111111111111,0.0,0.0,1,188.95,-9.69,-9.34,-0.34,-9.69,0.0,-0.67,2.09,-0.67,61,5,0.0,0.0,0.0,3.544379,12.181709,8.127899,-0.69209231,0.69384996,-0.19894841,238.210785,"86.757385, 138.303513, 110.476791, 93.577118, 43.409019, 86.435303, 171.003387, ","[["" 129.081"", "" 130.885"", ""  61.081""], ["" 130.083"", "" 130.500"", ""  60.190""], ["" 130.233"", "" 131.156"", ""  58.971""], ["" 129.385"", "" 132.215"", ""  58.623""], ["" 128.382"", "" 132.602"", ""  59.523""], ["" 128.229"", "" 131.947"", ""  60.741""], ["" 129.029"", "" 130.164"", ""  62.290""], ["" 126.859"", "" 129.448"", ""  62.398""], ["" 127.988"", "" 129.532"", ""  62.885""], ["" 129.912"", "" 130.109"", ""  62.775""], ["" 128.289"", "" 128.911"", ""  64.178""], ["" 128.889"", "" 127.667"", ""  64.435""], ["" 127.844"", "" 129.724"", ""  65.677""], ["" 129.008"", "" 127.349"", ""  65.837""], ["" 128.465"", "" 128.400"", ""  66.634""], ["" 129.542"", "" 126.229"", ""  66.537""], ["" 128.412"", "" 128.417"", ""  67.963""], ["" 129.478"", "" 126.256"", ""  67.938""], ["" 128.910"", "" 127.338"", ""  68.620""], ["" 129.326"", "" 126.825"", ""  63.445""], ["" 128.743"", "" 126.088"", ""  63.075""], ["" 130.250"", "" 126.916"", ""  63.046""], ["" 130.177"", "" 125.011"", ""  65.854""], ["" 129.498"", "" 124.602"", ""  64.780""], ["" 131.412"", "" 125.312"", ""  65.454""], ["" 130.226"", "" 123.989"", ""  66.708""], ["" 128.831"", "" 127.385"", ""  70.118""], ["" 129.921"", "" 127.835"", ""  70.880""], ["" 127.673"", "" 126.973"", ""  70.800""], ["" 129.856"", "" 127.878"", ""  72.271""], ["" 127.602"", "" 127.016"", ""  72.189""], ["" 128.696"", "" 127.469"", ""  72.921""], ["" 129.580"", "" 132.907"", ""  57.303""], ["" 128.784"", "" 133.735"", ""  56.848""], ["" 130.716"", "" 132.529"", ""  56.662""], ["" 131.921"", "" 133.267"", ""  56.815""]]",[],4cb_Grossjean_2025
29,5460,4cc_Grossjean_2025,4h2i_c_4_mae_prepped,1,13,-7.46,-0.21941176470588236,0.0,0.0,8,188.76,-9.25,-8.85,-0.39,-9.25,0.0,-0.61,1.79,-0.61,60,5,0.0,0.0,0.0,3.328298,11.925221,8.446224,0.73705184,-0.52205431,0.42920145,146.408875,"256.545502, 137.686401, 112.318489, 93.373878, 197.617386, 28.914022, ","[["" 126.941"", "" 129.670"", ""  62.227""], ["" 128.042"", "" 129.733"", ""  62.777""], ["" 129.102"", "" 130.410"", ""  62.274""], ["" 129.967"", "" 130.327"", ""  62.786""], ["" 128.278"", "" 129.050"", ""  64.053""], ["" 128.793"", "" 127.763"", ""  64.276""], ["" 127.902"", "" 129.857"", ""  65.574""], ["" 128.886"", "" 127.398"", ""  65.668""], ["" 128.427"", "" 128.467"", ""  66.493""], ["" 129.333"", "" 126.223"", ""  66.336""], ["" 128.384"", "" 128.457"", ""  67.823""], ["" 129.281"", "" 126.222"", ""  67.739""], ["" 128.804"", "" 127.327"", ""  68.450""], ["" 129.173"", "" 126.921"", ""  63.262""], ["" 130.043"", "" 127.043"", ""  62.763""], ["" 128.590"", "" 126.146"", ""  62.977""], ["" 129.862"", "" 124.974"", ""  65.621""], ["" 129.150"", "" 124.647"", ""  64.540""], ["" 131.118"", "" 125.180"", ""  65.224""], ["" 129.829"", "" 123.932"", ""  66.451""], ["" 128.746"", "" 127.346"", ""  69.950""], ["" 129.866"", "" 127.728"", ""  70.707""], ["" 127.578"", "" 126.976"", ""  70.639""], ["" 129.820"", "" 127.746"", ""  72.099""], ["" 127.528"", "" 126.994"", ""  72.030""], ["" 128.650"", "" 127.380"", ""  72.756""], ["" 129.186"", "" 131.192"", ""  61.107""], ["" 130.285"", "" 130.948"", ""  60.281""], ["" 128.273"", "" 132.199"", ""  60.762""], ["" 130.460"", "" 131.684"", ""  59.112""], ["" 128.452"", "" 132.933"", ""  59.593""], ["" 129.549"", "" 132.678"", ""  58.755""], ["" 129.806"", "" 133.357"", ""  57.579""], ["" 130.715"", "" 132.796"", ""  56.638""]]",[],4cc_Grossjean_2025
30,3907,4cd_Grossjean_2025,4h2i_c_4_mae_prepped,1,1,-7.24,-0.22625,0.0,0.0,20,187.61,-8.73,-8.59,-0.15,-8.73,0.0,-0.52,1.49,-0.52,66,5,0.0,0.0,0.0,4.302529,9.106866,9.660076,0.05702963,0.89037404,-0.45164332,253.493912,"154.993301, 336.673523, 258.23172, 152.332306, 237.426437, ","[["" 130.039"", "" 125.355"", ""  64.800""], ["" 129.374"", "" 126.590"", ""  64.871""], ["" 129.100"", "" 127.036"", ""  66.216""], ["" 128.459"", "" 128.192"", ""  66.744""], ["" 128.366"", "" 128.295"", ""  68.142""], ["" 128.879"", "" 127.299"", ""  68.978""], ["" 129.504"", "" 126.197"", ""  68.486""], ["" 129.593"", "" 126.090"", ""  67.162""], ["" 130.358"", "" 124.711"", ""  66.409""], ["" 130.449"", "" 124.606"", ""  63.608""], ["" 129.880"", "" 124.780"", ""  62.530""], ["" 131.479"", "" 123.744"", ""  63.790""], ["" 131.901"", "" 123.743"", ""  64.708""], ["" 132.073"", "" 122.851"", ""  62.879""], ["" 131.196"", "" 122.165"", ""  62.035""], ["" 133.458"", "" 122.648"", ""  62.755""], ["" 131.687"", "" 121.269"", ""  61.090""], ["" 133.946"", "" 121.751"", ""  61.808""], ["" 133.060"", "" 121.064"", ""  60.983""], ["" 129.012"", "" 127.314"", ""  63.764""], ["" 128.200"", "" 127.076"", ""  63.212""], ["" 129.547"", "" 128.116"", ""  63.462""], ["" 127.871"", "" 129.319"", ""  65.885""], ["" 128.484"", "" 129.452"", ""  64.706""], ["" 126.584"", "" 129.075"", ""  65.641""], ["" 127.986"", "" 130.481"", ""  66.527""], ["" 128.792"", "" 127.392"", ""  70.474""], ["" 129.865"", "" 127.894"", ""  71.227""], ["" 127.635"", "" 126.986"", ""  71.162""], ["" 129.790"", "" 127.984"", ""  72.615""], ["" 127.557"", "" 127.072"", ""  72.549""], ["" 128.636"", "" 127.570"", ""  73.271""]]",[],4cd_Grossjean_2025
31,4393,4ch_Grossjean_2025,4h2i_c_4_mae_prepped,2,10,-6.86,-0.1758974358974359,0.0,0.0,6,186.87,-9.55,-9.26,-0.29,-9.55,0.0,-1.08,2.68,-1.08,74,5,0.0,0.0,0.0,4.946108,7.649021,8.481158,-0.75610142,0.4804609,0.44437368,283.128113,"257.64093, 262.585327, 294.139923, 74.422325, 110.806877, 40.857952, 204.348419, 156.192429, 213.566971, ","[["" 131.210"", "" 124.425"", ""  62.283""], ["" 130.196"", "" 124.208"", ""  62.950""], ["" 129.315"", "" 123.236"", ""  62.635""], ["" 128.534"", "" 123.080"", ""  63.256""], ["" 129.860"", "" 125.024"", ""  64.117""], ["" 129.271"", "" 126.298"", ""  64.155""], ["" 130.249"", "" 124.452"", ""  65.736""], ["" 129.097"", "" 126.826"", ""  65.486""], ["" 129.599"", "" 125.906"", ""  66.454""], ["" 128.540"", "" 128.038"", ""  65.986""], ["" 129.594"", "" 126.088"", ""  67.772""], ["" 128.542"", "" 128.220"", ""  67.379""], ["" 129.072"", "" 127.252"", ""  68.238""], ["" 128.885"", "" 126.979"", ""  63.029""], ["" 128.034"", "" 126.752"", ""  62.532""], ["" 129.439"", "" 127.739"", ""  62.659""], ["" 127.943"", "" 129.138"", ""  65.102""], ["" 126.684"", "" 128.890"", ""  64.734""], ["" 127.944"", "" 130.296"", ""  65.760""], ["" 128.665"", "" 129.265"", ""  63.989""], ["" 129.077"", "" 127.424"", ""  69.730""], ["" 130.175"", "" 128.008"", ""  70.383""], ["" 127.991"", "" 127.001"", ""  70.515""], ["" 130.186"", "" 128.169"", ""  71.766""], ["" 127.997"", "" 127.162"", ""  71.898""], ["" 129.095"", "" 127.747"", ""  72.519""], ["" 129.442"", "" 122.303"", ""  61.515""], ["" 129.093"", "" 122.904"", ""  60.158""], ["" 128.283"", "" 122.199"", ""  59.267""], ["" 129.546"", "" 124.179"", ""  59.815""], ["" 127.931"", "" 122.749"", ""  58.023""], ["" 129.209"", "" 124.754"", ""  58.579""], ["" 128.406"", "" 124.025"", ""  57.690""], ["" 127.135"", "" 122.106"", ""  57.093""], ["" 125.821"", "" 122.595"", ""  56.843""], ["" 129.622"", "" 126.010"", ""  58.174""], ["" 130.960"", "" 126.422"", ""  58.432""], ["" 128.056"", "" 124.582"", ""  56.484""], ["" 127.221"", "" 125.726"", ""  56.594""]]",[],4ch_Grossjean_2025
32,5148,4ci_Grossjean_2025,4h2i_c_4_mae_prepped,1,7,-6.7,-0.2161290322580645,0.0,0.0,1,187.7,-8.19,-7.86,-0.33,-8.19,0.0,-0.46,1.49,-0.46,59,6,0.0,0.0,0.0,4.067763,9.198651,9.703707,0.06696813,0.88879176,-0.45339219,262.553589,"62.428284, 110.055794, 259.048218, 147.773911, 116.251358, ","[["" 129.638"", "" 125.201"", ""  64.676""], ["" 129.135"", "" 126.506"", ""  64.803""], ["" 129.074"", "" 126.985"", ""  66.163""], ["" 128.632"", "" 128.208"", ""  66.742""], ["" 128.725"", "" 128.329"", ""  68.138""], ["" 129.236"", "" 127.292"", ""  68.926""], ["" 129.649"", "" 126.117"", ""  68.384""], ["" 129.564"", "" 125.992"", ""  67.061""], ["" 130.068"", "" 124.529"", ""  66.247""], ["" 129.843"", "" 124.415"", ""  63.456""], ["" 130.981"", "" 124.130"", ""  63.075""], ["" 128.713"", "" 124.053"", ""  62.799""], ["" 127.835"", "" 124.349"", ""  63.198""], ["" 128.616"", "" 123.315"", ""  61.626""], ["" 129.005"", "" 122.062"", ""  61.463""], ["" 128.080"", "" 123.827"", ""  60.445""], ["" 128.723"", "" 121.721"", ""  60.139""], ["" 128.164"", "" 122.798"", ""  59.537""], ["" 128.733"", "" 127.263"", ""  63.733""], ["" 127.833"", "" 127.129"", ""  63.291""], ["" 129.323"", "" 127.990"", ""  63.352""], ["" 128.063"", "" 129.384"", ""  65.941""], ["" 128.606"", "" 129.504"", ""  64.728""], ["" 126.750"", "" 129.221"", ""  65.775""], ["" 128.286"", "" 130.525"", ""  66.593""], ["" 129.339"", "" 127.400"", ""  70.420""], ["" 128.289"", "" 126.970"", ""  71.248""], ["" 130.483"", "" 127.940"", ""  71.035""], ["" 128.379"", "" 127.067"", ""  72.634""], ["" 130.578"", "" 128.038"", ""  72.420""], ["" 129.525"", "" 127.600"", ""  73.215""]]",[],4ci_Grossjean_2025
33,4397,4eb_Grossjean_2025,4h2i_c_4_mae_prepped,1,11,-7.76,-0.23515151515151514,0.0,0.0,1,187.66,-9.55,-8.95,-0.59,-9.55,0.0,-1.17,1.79,-1.17,53,7,0.0,0.0,0.0,5.090193,8.615432,9.866209,-0.87085943,0.36628881,0.32777486,131.397827,"328.549957, 170.742554, 36.414261, 323.035339, 287.55954, 201.070099, ","[["" 130.073"", "" 127.048"", ""  69.217""], ["" 130.969"", "" 127.726"", ""  70.044""], ["" 130.534"", "" 128.299"", ""  71.236""], ["" 129.192"", "" 128.205"", ""  71.624""], ["" 128.293"", "" 127.523"", ""  70.790""], ["" 128.726"", "" 126.949"", ""  69.597""], ["" 130.623"", "" 126.510"", ""  68.038""], ["" 129.512"", "" 124.529"", ""  67.764""], ["" 130.349"", "" 125.351"", ""  67.391""], ["" 131.335"", "" 127.088"", ""  67.617""], ["" 131.131"", "" 125.114"", ""  66.174""], ["" 130.721"", "" 124.509"", ""  64.975""], ["" 132.822"", "" 125.613"", ""  66.089""], ["" 131.752"", "" 124.436"", ""  63.973""], ["" 132.967"", "" 125.010"", ""  64.454""], ["" 131.773"", "" 123.918"", ""  62.650""], ["" 134.109"", "" 125.097"", ""  63.769""], ["" 132.969"", "" 124.008"", ""  61.928""], ["" 134.090"", "" 124.593"", ""  62.512""], ["" 135.400"", "" 124.703"", ""  61.751""], ["" 129.455"", "" 124.025"", ""  64.760""], ["" 129.034"", "" 124.031"", ""  63.842""], ["" 128.900"", "" 123.646"", ""  65.515""], ["" 130.589"", "" 123.294"", ""  62.016""], ["" 129.588"", "" 124.094"", ""  61.456""], ["" 130.465"", "" 121.902"", ""  61.978""], ["" 128.475"", "" 123.507"", ""  60.858""], ["" 129.354"", "" 121.314"", ""  61.380""], ["" 128.363"", "" 122.120"", ""  60.823""], ["" 128.757"", "" 128.835"", ""  72.916""], ["" 127.733"", "" 128.504"", ""  73.522""], ["" 129.602"", "" 129.805"", ""  73.351""], ["" 129.235"", "" 131.176"", ""  73.287""]]",[],4eb_Grossjean_2025
34,4613,8b_Ghoteimi_2023,4h2i_c_4_mae_prepped,1,16,-7.43,-0.2008108108108108,0.0,0.0,7,186.53,-9.52,-8.97,-0.54,-9.52,0.0,-1.1,2.09,-1.1,49,5,0.0,0.0,0.0,3.42826,10.306959,8.714372,0.84249929,-0.50832612,0.17832418,154.85675,"218.156219, 349.905121, 84.082199, 101.256981, 46.786121, 62.509567, 111.66774, ","[["" 128.313"", "" 128.488"", ""  65.618""], ["" 128.733"", "" 127.300"", ""  64.962""], ["" 129.365"", "" 126.317"", ""  65.777""], ["" 129.841"", "" 124.901"", ""  64.869""], ["" 129.207"", "" 125.589"", ""  63.373""], ["" 128.656"", "" 126.861"", ""  63.593""], ["" 129.590"", "" 126.422"", ""  67.086""], ["" 129.177"", "" 127.567"", ""  67.694""], ["" 128.550"", "" 128.601"", ""  66.991""], ["" 127.637"", "" 129.597"", ""  64.905""], ["" 126.365"", "" 131.690"", ""  63.541""], ["" 127.720"", "" 131.775"", ""  63.862""], ["" 125.646"", "" 130.543"", ""  63.913""], ["" 128.354"", "" 130.738"", ""  64.541""], ["" 126.281"", "" 129.506"", ""  64.591""], ["" 125.821"", "" 132.766"", ""  62.866""], ["" 126.596"", "" 133.425"", ""  61.870""], ["" 128.094"", "" 127.630"", ""  62.606""], ["" 127.133"", "" 127.501"", ""  62.323""], ["" 128.620"", "" 128.348"", ""  62.128""], ["" 129.444"", "" 127.661"", ""  69.163""], ["" 130.714"", "" 128.007"", ""  69.649""], ["" 128.427"", "" 127.404"", ""  70.092""], ["" 130.956"", "" 128.095"", ""  71.016""], ["" 128.666"", "" 127.493"", ""  71.461""], ["" 129.939"", "" 127.841"", ""  71.934""], ["" 130.271"", "" 127.954"", ""  73.271""], ["" 130.974"", "" 126.889"", ""  73.903""], ["" 129.303"", "" 124.843"", ""  62.116""], ["" 128.121"", "" 124.428"", ""  61.594""], ["" 130.400"", "" 124.626"", ""  61.595""], ["" 127.286"", "" 124.664"", ""  62.108""], ["" 127.920"", "" 123.705"", ""  60.426""], ["" 128.376"", "" 122.488"", ""  60.177""], ["" 127.190"", "" 124.195"", ""  59.344""], ["" 127.938"", "" 122.148"", ""  58.896""], ["" 127.223"", "" 123.188"", ""  58.406""]]",[],8b_Ghoteimi_2023
35,4879,9a_Ghoteimi_2023,4h2i_c_4_mae_prepped,1,3,59.37,1.1641176470588235,0.0,0.0,3,185.27,56.39,56.54,-0.15,56.39,0.0,-1.1,2.98,-1.1,122,3,0.0,0.0,0.0,4.574521,8.567691,9.228507,-0.58037579,0.19191303,0.79141224,90.724937,"325.204987, 184.978256, 19.210625, 166.987717, 334.601959, 170.369064, 101.377029, 171.800095, 118.161674, 169.627914, ","[["" 129.674"", "" 129.016"", ""  61.211""], ["" 128.482"", "" 129.221"", ""  60.515""], ["" 128.430"", "" 130.120"", ""  59.454""], ["" 129.571"", "" 130.834"", ""  59.066""], ["" 130.770"", "" 130.624"", ""  59.766""], ["" 130.824"", "" 129.724"", ""  60.828""], ["" 129.609"", "" 128.085"", ""  62.265""], ["" 129.101"", "" 128.209"", ""  63.517""], ["" 128.579"", "" 129.235"", ""  63.953""], ["" 130.003"", "" 127.183"", ""  62.041""], ["" 129.204"", "" 127.011"", ""  64.356""], ["" 129.592"", "" 125.715"", ""  63.984""], ["" 129.594"", "" 124.768"", ""  65.072""], ["" 128.799"", "" 127.088"", ""  66.071""], ["" 129.926"", "" 123.386"", ""  65.157""], ["" 129.150"", "" 125.388"", ""  66.276""], ["" 129.752"", "" 122.748"", ""  66.390""], ["" 129.004"", "" 124.782"", ""  67.454""], ["" 129.293"", "" 123.454"", ""  67.504""], ["" 129.927"", "" 125.365"", ""  62.701""], ["" 130.639"", "" 124.675"", ""  62.505""], ["" 129.471"", "" 125.789"", ""  61.904""], ["" 130.451"", "" 122.596"", ""  64.013""], ["" 131.809"", "" 122.633"", ""  63.686""], ["" 129.597"", "" 121.781"", ""  63.267""], ["" 132.301"", "" 121.883"", ""  62.623""], ["" 130.090"", "" 121.027"", ""  62.207""], ["" 131.451"", "" 121.059"", ""  61.868""], ["" 131.920"", "" 120.305"", ""  60.790""], ["" 132.866"", "" 120.921"", ""  59.839""], ["" 131.039"", "" 119.365"", ""  60.069""], ["" 133.586"", "" 119.892"", ""  58.941""], ["" 131.806"", "" 118.376"", ""  59.165""], ["" 132.634"", "" 119.090"", ""  58.260""], ["" 129.111"", "" 122.793"", ""  68.832""], ["" 128.212"", "" 121.730"", ""  68.980""], ["" 129.826"", "" 123.214"", ""  69.959""], ["" 128.038"", "" 121.107"", ""  70.213""], ["" 129.654"", "" 122.590"", ""  71.191""], ["" 128.766"", "" 121.515"", ""  71.341""], ["" 128.587"", "" 120.912"", ""  72.591""], ["" 129.585"", "" 121.059"", ""  73.669""], ["" 127.233"", "" 120.828"", ""  73.178""], ["" 129.408"", "" 120.051"", ""  74.824""], ["" 127.125"", "" 119.821"", ""  74.341""], ["" 128.089"", "" 120.126"", ""  75.337""], ["" 129.480"", "" 131.797"", ""  57.918""], ["" 130.368"", "" 132.611"", ""  57.644""], ["" 128.329"", "" 131.680"", ""  57.208""], ["" 128.004"", "" 130.472"", ""  56.530""], ["" 129.216"", "" 129.534"", ""  56.550""]]",[],9a_Ghoteimi_2023
36,4327,RR11_Rahimova_2017-again1,4h2i_c_4_mae_prepped,1,13,-9.26,-0.23149999999999998,0.0,0.0,11,184.84,-11.05,-9.98,-1.07,-11.05,0.0,-0.36,1.79,-0.36,76,11,0.0,0.0,0.0,3.87414,8.322542,4.997485,-0.85283964,0.38377114,0.3540964,133.909912,"66.233414, 342.710754, 206.890152, 159.938492, 108.872658, 99.498047, ","[["" 132.538"", "" 122.964"", ""  62.048""], ["" 131.700"", "" 123.363"", ""  63.255""], ["" 130.246"", "" 125.602"", ""  66.914""], ["" 131.298"", "" 125.806"", ""  66.046""], ["" 129.527"", "" 124.554"", ""  66.579""], ["" 131.261"", "" 124.813"", ""  65.095""], ["" 130.131"", "" 124.043"", ""  65.460""], ["" 132.058"", "" 124.501"", ""  63.991""], ["" 129.780"", "" 122.924"", ""  64.694""], ["" 130.577"", "" 122.602"", ""  63.595""], ["" 131.959"", "" 126.563"", ""  66.143""], ["" 129.969"", "" 126.474"", ""  68.104""], ["" 129.459"", "" 128.088"", ""  70.330""], ["" 128.474"", "" 127.221"", ""  69.862""], ["" 130.697"", "" 128.156"", ""  69.694""], ["" 128.729"", "" 126.418"", ""  68.753""], ["" 130.951"", "" 127.352"", ""  68.586""], ["" 129.207"", "" 128.890"", ""  71.442""], ["" 129.183"", "" 129.894"", ""  71.335""], ["" 129.091"", "" 128.460"", ""  72.349""], ["" 132.496"", "" 124.003"", ""  60.936""], ["" 131.937"", "" 125.261"", ""  61.195""], ["" 132.994"", "" 123.679"", ""  59.669""], ["" 131.930"", "" 126.179"", ""  60.142""], ["" 132.985"", "" 124.590"", ""  58.611""], ["" 132.445"", "" 125.852"", ""  58.876""], ["" 131.482"", "" 127.490"", ""  60.064""], ["" 132.291"", "" 126.980"", ""  58.079""], ["" 131.705"", "" 127.992"", ""  58.803""], ["" 131.057"", "" 128.039"", ""  60.796""], ["" 132.559"", "" 127.090"", ""  57.112""], ["" 131.382"", "" 129.370"", ""  58.321""], ["" 132.410"", "" 130.293"", ""  58.094""], ["" 130.054"", "" 129.748"", ""  58.087""], ["" 132.116"", "" 131.575"", ""  57.637""], ["" 129.760"", "" 131.029"", ""  57.631""], ["" 130.791"", "" 131.940"", ""  57.406""], ["" 130.498"", "" 133.223"", ""  56.945""], ["" 131.169"", "" 133.966"", ""  57.080""], ["" 129.607"", "" 133.402"", ""  56.505""]]",[],RR11_Rahimova_2017-again1
37,4264,RR11_Rahimova_2017-again2,4h2i_c_4_mae_prepped,1,14,-9.74,-0.23756097560975611,0.0,0.0,16,184.43,-11.53,-9.45,-2.08,-11.53,0.0,-0.12,1.79,-0.12,76,11,0.0,0.0,0.0,3.922432,8.039115,5.098713,0.87501504,-0.3308587,-0.35338536,223.026855,"249.623169, 159.312256, 200.329193, 187.900757, 92.250862, 106.61364, ","[["" 132.765"", "" 123.065"", ""  62.163""], ["" 131.873"", "" 123.425"", ""  63.344""], ["" 130.309"", "" 125.673"", ""  67.031""], ["" 131.371"", "" 125.819"", ""  66.167""], ["" 129.601"", "" 124.577"", ""  66.595""], ["" 131.339"", "" 124.822"", ""  65.201""], ["" 130.210"", "" 124.032"", ""  65.472""], ["" 132.189"", "" 124.541"", ""  64.128""], ["" 129.882"", "" 122.929"", ""  64.679""], ["" 130.739"", "" 122.649"", ""  63.612""], ["" 132.051"", "" 126.557"", ""  66.268""], ["" 128.767"", "" 124.253"", ""  67.061""], ["" 129.997"", "" 126.528"", ""  68.216""], ["" 129.407"", "" 128.141"", ""  70.418""], ["" 130.690"", "" 128.151"", ""  69.876""], ["" 128.417"", "" 127.327"", ""  69.870""], ["" 130.984"", "" 127.347"", ""  68.777""], ["" 128.711"", "" 126.523"", ""  68.772""], ["" 129.110"", "" 128.950"", ""  71.514""], ["" 129.105"", "" 129.954"", ""  71.404""], ["" 128.968"", "" 128.528"", ""  72.421""], ["" 132.652"", "" 124.058"", ""  61.015""], ["" 132.094"", "" 125.321"", ""  61.252""], ["" 133.084"", "" 123.686"", ""  59.736""], ["" 132.019"", "" 126.195"", ""  60.164""], ["" 133.007"", "" 124.554"", ""  58.644""], ["" 132.469"", "" 125.820"", ""  58.887""], ["" 131.550"", "" 127.497"", ""  60.054""], ["" 132.258"", "" 126.910"", ""  58.053""], ["" 131.699"", "" 127.947"", ""  58.763""], ["" 131.158"", "" 128.073"", ""  60.786""], ["" 132.471"", "" 126.982"", ""  57.069""], ["" 131.334"", "" 129.299"", ""  58.240""], ["" 132.271"", "" 130.338"", ""  58.254""], ["" 130.054"", "" 129.535"", ""  57.724""], ["" 131.936"", "" 131.594"", ""  57.757""], ["" 129.717"", "" 130.791"", ""  57.228""], ["" 130.660"", "" 131.818"", ""  57.243""], ["" 130.325"", "" 133.074"", ""  56.740""], ["" 131.034"", "" 133.789"", ""  56.672""], ["" 129.363"", "" 133.276"", ""  56.511""]]",[],RR11_Rahimova_2017-again2
38,4098,RR12_Rahimova_2017,4h2i_c_4_mae_prepped,1,8,-5.78,-0.21407407407407408,0.0,0.0,1,189.59,-8.46,-8.58,0.12,-8.46,0.0,-1.71,2.68,-1.71,43,3,0.0,0.0,0.0,3.151016,8.552542,9.137022,-0.19118507,0.96525996,0.17810524,85.066475,"340.302155, 264.945526, 194.871979, 240.78273, 30.054033, 250.475311, 326.043304, 347.6138, 43.669613, ","[["" 130.067"", "" 124.682"", ""  65.635""], ["" 130.221"", "" 124.735"", ""  67.167""], ["" 129.194"", "" 125.533"", ""  67.836""], ["" 129.157"", "" 127.278"", ""  66.387""], ["" 128.741"", "" 126.724"", ""  67.407""], ["" 128.803"", "" 125.140"", ""  68.681""], ["" 127.651"", "" 127.371"", ""  68.273""], ["" 127.607"", "" 126.723"", ""  69.545""], ["" 128.515"", "" 127.087"", ""  70.522""], ["" 128.187"", "" 126.739"", ""  71.834""], ["" 129.718"", "" 127.767"", ""  70.271""], ["" 129.041"", "" 127.059"", ""  72.885""], ["" 130.574"", "" 128.088"", ""  71.322""], ["" 130.232"", "" 127.731"", ""  72.625""], ["" 130.580"", "" 123.362"", ""  65.030""], ["" 131.379"", "" 123.580"", ""  63.757""], ["" 132.654"", "" 123.881"", ""  63.764""], ["" 130.840"", "" 123.503"", ""  62.482""], ["" 132.998"", "" 123.985"", ""  62.445""], ["" 131.881"", "" 123.747"", ""  61.606""], ["" 134.248"", "" 124.277"", ""  61.879""], ["" 131.979"", "" 123.790"", ""  60.209""], ["" 134.346"", "" 124.321"", ""  60.488""], ["" 133.236"", "" 124.081"", ""  59.676""], ["" 129.466"", "" 123.165"", ""  62.117""], ["" 129.442"", "" 122.053"", ""  61.053""], ["" 129.866"", "" 120.689"", ""  61.615""]]",[],RR12_Rahimova_2017
39,4226,RR15_Rahimova_2017,4h2i_c_4_mae_prepped,1,15,-8.58,-0.1865217391304348,0.0,0.0,4,185.09,-13.05,-12.45,-0.6,-13.05,0.0,-3.9,4.47,-3.9,77,7,0.0,0.0,0.0,4.824186,8.403211,8.117624,-0.41868487,-0.41631901,-0.80708207,185.531357,"22.421194, 148.483047, 12.811911, 63.042782, 192.051712, 98.432114, 75.918137, 127.329353, 358.540619, 295.667145, 274.336365, 346.128906, 54.03252, 59.330635, 358.240601, ","[["" 130.245"", "" 126.317"", ""  63.949""], ["" 131.286"", "" 125.947"", ""  64.498""], ["" 130.080"", "" 126.262"", ""  62.592""], ["" 130.842"", "" 127.122"", ""  61.635""], ["" 131.642"", "" 126.264"", ""  60.661""], ["" 133.175"", "" 124.654"", ""  58.967""], ["" 133.452"", "" 124.684"", ""  60.331""], ["" 132.139"", "" 125.420"", ""  58.440""], ["" 132.687"", "" 125.486"", ""  61.173""], ["" 131.376"", "" 126.222"", ""  59.283""], ["" 133.918"", "" 123.874"", ""  58.149""], ["" 130.012"", "" 128.301"", ""  61.039""], ["" 130.265"", "" 129.514"", ""  61.563""], ["" 129.160"", "" 128.105"", ""  60.173""], ["" 130.960"", "" 129.587"", ""  62.292""], ["" 129.546"", "" 130.740"", ""  61.239""], ["" 130.505"", "" 131.941"", ""  61.149""], ["" 131.375"", "" 131.843"", ""  62.285""], ["" 131.462"", "" 131.933"", ""  59.944""], ["" 132.732"", "" 132.055"", ""  61.909""], ["" 132.780"", "" 131.464"", ""  60.510""], ["" 128.987"", "" 125.477"", ""  61.983""], ["" 129.414"", "" 124.059"", ""  61.547""], ["" 130.310"", "" 123.310"", ""  62.561""], ["" 131.585"", "" 122.855"", ""  61.998""], ["" 132.627"", "" 122.626"", ""  63.011""], ["" 131.371"", "" 121.666"", ""  61.163""], ["" 133.918"", "" 122.067"", ""  62.377""], ["" 132.698"", "" 121.135"", ""  60.577""], ["" 133.629"", "" 120.893"", ""  61.626""], ["" 129.086"", "" 126.823"", ""  64.844""], ["" 129.168"", "" 126.412"", ""  66.244""], ["" 128.697"", "" 127.165"", ""  67.245""], ["" 129.913"", "" 125.376"", ""  66.634""], ["" 129.133"", "" 126.507"", ""  68.303""], ["" 129.858"", "" 125.436"", ""  68.011""], ["" 128.840"", "" 126.936"", ""  69.714""], ["" 129.873"", "" 127.324"", ""  70.577""], ["" 127.528"", "" 126.956"", ""  70.198""], ["" 129.616"", "" 127.725"", ""  71.899""], ["" 127.257"", "" 127.347"", ""  71.507""], ["" 128.295"", "" 127.733"", ""  72.370""], ["" 130.601"", "" 128.120"", ""  72.787""], ["" 131.302"", "" 127.137"", ""  73.542""], ["" 128.094"", "" 128.130"", ""  73.681""], ["" 126.778"", "" 128.438"", ""  74.127""]]",[],RR15_Rahimova_2017
40,4655,RR19_Rahimova_2017-again1,4h2i_c_4_mae_prepped,1,16,-8.3,-0.17659574468085107,0.0,0.0,4,187.55,-10.99,-12.56,1.58,-10.99,0.0,-4.63,2.68,-4.63,65,4,0.0,0.0,0.0,5.993202,9.430982,7.500011,0.64638935,-0.75880468,0.07997671,261.755066,"345.74292, 259.344482, 333.987091, 285.163025, 222.235672, 300.412262, 285.717682, 165.429749, 149.825516, ","[["" 127.309"", "" 128.968"", ""  63.538""], ["" 128.443"", "" 127.755"", ""  63.796""], ["" 128.945"", "" 127.250"", ""  64.963""], ["" 128.783"", "" 127.599"", ""  66.261""], ["" 127.981"", "" 128.433"", ""  66.690""], ["" 129.637"", "" 126.530"", ""  64.818""], ["" 129.117"", "" 127.120"", ""  62.768""], ["" 130.334"", "" 126.686"", ""  62.734""], ["" 131.202"", "" 126.641"", ""  63.629""], ["" 130.814"", "" 126.140"", ""  61.347""], ["" 130.063"", "" 126.841"", ""  60.167""], ["" 130.638"", "" 128.197"", ""  59.765""], ["" 130.386"", "" 129.323"", ""  60.554""], ["" 131.422"", "" 128.311"", ""  58.613""], ["" 130.923"", "" 130.557"", ""  60.197""], ["" 131.960"", "" 129.544"", ""  58.256""], ["" 131.708"", "" 130.662"", ""  59.049""], ["" 130.841"", "" 124.642"", ""  61.268""], ["" 129.782"", "" 123.821"", ""  61.544""], ["" 131.974"", "" 123.965"", ""  60.926""], ["" 130.290"", "" 122.443"", ""  61.345""], ["" 128.648"", "" 124.151"", ""  61.886""], ["" 131.604"", "" 122.528"", ""  60.975""], ["" 133.072"", "" 124.443"", ""  60.636""], ["" 129.655"", "" 121.207"", ""  61.478""], ["" 132.357"", "" 121.381"", ""  60.717""], ["" 130.392"", "" 120.046"", ""  61.224""], ["" 131.738"", "" 120.133"", ""  60.843""], ["" 129.716"", "" 126.846"", ""  67.256""], ["" 129.737"", "" 125.304"", ""  67.049""], ["" 130.849"", "" 124.819"", ""  66.136""], ["" 130.587"", "" 123.827"", ""  65.168""], ["" 132.103"", "" 125.467"", ""  66.130""], ["" 131.578"", "" 123.455"", ""  64.268""], ["" 133.080"", "" 125.080"", ""  65.223""], ["" 132.821"", "" 124.075"", ""  64.300""], ["" 129.506"", "" 127.217"", ""  68.688""], ["" 130.486"", "" 127.662"", ""  69.530""], ["" 128.310"", "" 127.016"", ""  69.310""], ["" 129.839"", "" 127.780"", ""  70.860""], ["" 131.660"", "" 127.902"", ""  69.250""], ["" 128.534"", "" 127.388"", ""  70.728""], ["" 127.265"", "" 126.604"", ""  68.805""], ["" 130.353"", "" 128.178"", ""  72.095""], ["" 127.672"", "" 127.371"", ""  71.826""], ["" 129.505"", "" 128.165"", ""  73.208""], ["" 128.169"", "" 127.763"", ""  73.074""]]",[],RR19_Rahimova_2017-again1
41,4130,RR20_Rahimova_2017,4h2i_c_4_mae_prepped,1,17,-9.39,-0.2407692307692308,0.0,0.0,3,181.73,-11.17,-11.21,0.03,-11.17,0.0,-1.39,1.79,-1.39,63,2,0.0,0.0,0.0,3.511892,8.549134,9.290374,-0.93411832,0.10933492,0.33980707,133.856354,"98.778648, 219.570877, 108.212952, 77.511551, 12.917231, 96.074577, ","[["" 130.238"", "" 125.533"", ""  65.034""], ["" 129.480"", "" 124.719"", ""  64.177""], ["" 130.090"", "" 123.982"", ""  63.163""], ["" 131.472"", "" 124.086"", ""  62.957""], ["" 132.315"", "" 123.393"", ""  62.059""], ["" 133.697"", "" 123.852"", ""  62.275""], ["" 133.698"", "" 124.604"", ""  63.595""], ["" 132.239"", "" 124.840"", ""  63.845""], ["" 131.629"", "" 125.561"", ""  64.871""], ["" 129.579"", "" 126.318"", ""  66.134""], ["" 129.169"", "" 126.696"", ""  68.259""], ["" 129.771"", "" 125.930"", ""  67.385""], ["" 128.275"", "" 127.994"", ""  67.570""], ["" 128.750"", "" 127.450"", ""  65.979""], ["" 128.249"", "" 128.164"", ""  64.743""], ["" 129.167"", "" 126.578"", ""  69.640""], ["" 130.494"", "" 128.351"", ""  70.207""], ["" 129.814"", "" 127.373"", ""  70.527""], ["" 128.630"", "" 125.810"", ""  70.019""], ["" 129.670"", "" 127.051"", ""  72.033""], ["" 128.984"", "" 128.116"", ""  72.787""], ["" 128.738"", "" 127.744"", ""  74.188""], ["" 129.772"", "" 129.355"", ""  72.775""], ["" 127.792"", "" 128.769"", ""  74.854""], ["" 129.097"", "" 130.502"", ""  73.526""], ["" 128.180"", "" 130.218"", ""  74.559""], ["" 129.414"", "" 131.835"", ""  73.242""], ["" 127.616"", "" 131.276"", ""  75.281""], ["" 128.838"", "" 132.879"", ""  73.962""], ["" 127.939"", "" 132.598"", ""  74.986""], ["" 131.936"", "" 122.785"", ""  60.897""], ["" 131.949"", "" 123.356"", ""  59.804""], ["" 131.461"", "" 121.349"", ""  60.932""], ["" 132.152"", "" 120.376"", ""  60.200""], ["" 130.305"", "" 120.988"", ""  61.635""], ["" 131.719"", "" 119.053"", ""  60.205""], ["" 129.871"", "" 119.664"", ""  61.640""], ["" 130.583"", "" 118.695"", ""  60.932""], ["" 130.107"", "" 117.254"", ""  60.927""]]",[],RR20_Rahimova_2017
42,4288,RR24_Rahimova_2017,4h2i_c_4_mae_prepped,1,12,-8.96,-0.19911111111111113,0.0,0.0,2,186.7,-10.45,-10.72,0.27,-10.45,0.0,-1.97,1.49,-1.97,70,3,0.0,0.0,0.0,2.775144,11.46219,7.346608,-0.17611977,-0.31527199,-0.93251563,257.059875,"26.196302, 133.845688, 301.393921, 210.564163, 277.423584, ","[["" 127.873"", "" 131.093"", ""  62.193""], ["" 128.038"", "" 129.728"", ""  62.259""], ["" 128.407"", "" 126.966"", ""  62.375""], ["" 128.656"", "" 127.657"", ""  61.186""], ["" 127.986"", "" 127.665"", ""  63.512""], ["" 128.476"", "" 129.036"", ""  61.128""], ["" 127.808"", "" 129.044"", ""  63.455""], ["" 128.589"", "" 125.444"", ""  62.428""], ["" 133.929"", "" 123.895"", ""  63.080""], ["" 132.713"", "" 124.093"", ""  63.118""], ["" 132.047"", "" 124.915"", ""  64.014""], ["" 131.929"", "" 123.615"", ""  62.114""], ["" 130.770"", "" 125.436"", ""  63.892""], ["" 130.667"", "" 124.068"", ""  61.900""], ["" 130.256"", "" 126.209"", ""  64.707""], ["" 130.047"", "" 124.970"", ""  62.704""], ["" 130.061"", "" 123.530"", ""  60.789""], ["" 128.780"", "" 123.877"", ""  60.437""], ["" 128.052"", "" 124.754"", ""  61.152""], ["" 128.026"", "" 123.390"", ""  59.294""], ["" 126.741"", "" 124.900"", ""  60.527""], ["" 126.786"", "" 124.013"", ""  59.346""], ["" 128.327"", "" 122.492"", ""  58.268""], ["" 125.832"", "" 125.620"", ""  60.936""], ["" 125.820"", "" 123.749"", ""  58.374""], ["" 127.365"", "" 122.226"", ""  57.291""], ["" 126.116"", "" 122.852"", ""  57.344""], ["" 132.829"", "" 125.389"", ""  65.174""], ["" 132.339"", "" 122.919"", ""  61.509""], ["" 130.570"", "" 122.864"", ""  60.225""], ["" 128.510"", "" 131.894"", ""  63.097""], ["" 128.124"", "" 132.121"", ""  64.248""], ["" 129.832"", "" 132.494"", ""  62.534""], ["" 131.091"", "" 131.877"", ""  63.160""], ["" 129.878"", "" 132.470"", ""  61.042""], ["" 130.839"", "" 131.846"", ""  60.295""], ["" 128.939"", "" 133.110"", ""  60.290""], ["" 130.469"", "" 132.107"", ""  58.882""], ["" 131.809"", "" 131.208"", ""  60.706""], ["" 129.330"", "" 132.865"", ""  58.879""], ["" 127.969"", "" 133.755"", ""  60.693""], ["" 131.080"", "" 131.718"", ""  57.689""], ["" 128.738"", "" 133.275"", ""  57.683""], ["" 130.502"", "" 132.119"", ""  56.480""], ["" 129.336"", "" 132.893"", ""  56.476""]]",[],RR24_Rahimova_2017
43,4604,RR27_Rahimova_2017,4h2i_c_4_mae_prepped,1,9,-10.07,-0.25175000000000003,0.0,0.0,5,189.39,-12.16,-11.81,-0.35,-12.16,0.0,-2.08,2.09,-2.08,48,5,0.0,0.0,0.0,5.682207,11.40239,4.422245,0.74417095,-0.29926936,-0.59719968,143.208679,"138.538254, 277.716339, 353.126587, 138.468704, 110.467087, 42.631168, 359.418274, ","[["" 127.931"", "" 128.896"", ""  64.803""], ["" 128.138"", "" 127.896"", ""  63.902""], ["" 128.511"", "" 128.224"", ""  62.631""], ["" 128.686"", "" 129.483"", ""  62.137""], ["" 128.485"", "" 130.444"", ""  63.042""], ["" 128.109"", "" 130.229"", ""  64.385""], ["" 127.994"", "" 131.435"", ""  65.012""], ["" 128.288"", "" 132.412"", ""  64.081""], ["" 128.587"", "" 131.818"", ""  62.906""], ["" 127.559"", "" 128.693"", ""  66.106""], ["" 126.893"", "" 128.008"", ""  66.199""], ["" 128.761"", "" 127.050"", ""  61.666""], ["" 129.921"", "" 126.093"", ""  62.085""], ["" 127.464"", "" 126.266"", ""  61.297""], ["" 130.056"", "" 124.872"", ""  61.148""], ["" 127.734"", "" 125.021"", ""  60.415""], ["" 128.742"", "" 124.212"", ""  61.117""], ["" 128.354"", "" 123.266"", ""  62.019""], ["" 127.181"", "" 122.891"", ""  62.101""], ["" 129.430"", "" 122.509"", ""  62.852""], ["" 130.231"", "" 123.434"", ""  63.787""], ["" 131.634"", "" 123.476"", ""  63.764""], ["" 129.538"", "" 124.254"", ""  64.685""], ["" 132.326"", "" 124.325"", ""  64.622""], ["" 130.230"", "" 125.104"", ""  65.543""], ["" 131.621"", "" 125.136"", ""  65.507""], ["" 130.286"", "" 121.579"", ""  61.970""], ["" 131.450"", "" 122.031"", ""  61.335""], ["" 129.869"", "" 120.256"", ""  61.777""], ["" 132.194"", "" 121.167"", ""  60.535""], ["" 130.612"", "" 119.391"", ""  60.980""], ["" 131.773"", "" 119.851"", ""  60.364""], ["" 128.916"", "" 132.622"", ""  61.731""], ["" 130.224"", "" 132.223"", ""  61.062""], ["" 130.329"", "" 132.210"", ""  59.666""], ["" 131.326"", "" 131.849"", ""  61.838""], ["" 131.522"", "" 131.827"", ""  59.053""], ["" 132.522"", "" 131.472"", ""  61.224""], ["" 132.620"", "" 131.463"", ""  59.834""], ["" 131.633"", "" 131.790"", ""  57.330""]]",[],RR27_Rahimova_2017
44,4173,RR27_Rahimova_2017-again1,4h2i_c_4_mae_prepped,1,20,-9.74,-0.2435,0.0,0.0,3,188.01,-11.53,-11.4,-0.12,-11.53,0.0,-2.06,1.79,-2.06,63,3,0.0,0.0,0.0,2.872696,8.088246,7.785854,0.24428162,-0.72644639,0.64234113,265.553558,"319.332245, 32.802486, 166.057129, 0.019836, 31.24736, 238.070862, ","[["" 127.939"", "" 131.270"", ""  62.907""], ["" 128.089"", "" 130.119"", ""  63.311""], ["" 128.262"", "" 129.061"", ""  62.443""], ["" 128.436"", "" 127.716"", ""  62.755""], ["" 128.466"", "" 127.309"", ""  63.985""], ["" 128.307"", "" 128.279"", ""  64.928""], ["" 128.119"", "" 129.632"", ""  64.691""], ["" 127.991"", "" 130.287"", ""  65.832""], ["" 128.098"", "" 129.356"", ""  66.860""], ["" 128.305"", "" 128.155"", ""  66.293""], ["" 128.252"", "" 129.311"", ""  61.465""], ["" 128.596"", "" 126.721"", ""  61.601""], ["" 129.870"", "" 125.821"", ""  61.726""], ["" 127.262"", "" 125.978"", ""  61.273""], ["" 129.798"", "" 124.453"", ""  61.009""], ["" 127.403"", "" 124.590"", ""  60.601""], ["" 128.480"", "" 123.868"", ""  61.293""], ["" 128.201"", "" 123.139"", ""  62.413""], ["" 127.038"", "" 122.873"", ""  62.730""], ["" 129.355"", "" 122.466"", ""  63.216""], ["" 130.030"", "" 123.435"", ""  64.205""], ["" 131.090"", "" 124.271"", ""  63.823""], ["" 129.565"", "" 123.483"", ""  65.526""], ["" 131.673"", "" 125.135"", ""  64.746""], ["" 130.149"", "" 124.347"", ""  66.449""], ["" 131.200"", "" 125.168"", ""  66.055""], ["" 130.348"", "" 121.731"", ""  62.295""], ["" 131.637"", "" 122.232"", ""  62.061""], ["" 129.947"", "" 120.550"", ""  61.656""], ["" 132.509"", "" 121.561"", ""  61.208""], ["" 130.823"", "" 119.875"", ""  60.810""], ["" 132.099"", "" 120.384"", ""  60.588""], ["" 128.438"", "" 126.954"", ""  67.108""], ["" 128.968"", "" 127.231"", ""  68.507""], ["" 128.149"", "" 127.039"", ""  69.626""], ["" 130.282"", "" 127.679"", ""  68.684""], ["" 128.642"", "" 127.284"", ""  70.908""], ["" 130.773"", "" 127.924"", ""  69.967""], ["" 129.954"", "" 127.725"", ""  71.078""], ["" 127.631"", "" 127.034"", ""  72.283""]]",[],RR27_Rahimova_2017-again1
45,4476,RR29_Rahimova_2017,4h2i_c_4_mae_prepped,1,1,-6.95,-0.3021739130434783,0.0,0.0,7,190.04,-8.14,-5.73,-2.42,-8.14,0.0,-0.19,1.19,-0.19,47,9,0.0,0.0,0.0,3.364244,11.04165,9.542778,0.49170478,0.82327267,-0.28363447,212.312668,"291.007965, 274.086426, 65.054085, 66.41507, ","[["" 129.795"", "" 124.733"", ""  67.637""], ["" 129.856"", "" 125.844"", ""  66.599""], ["" 130.370"", "" 125.586"", ""  65.453""], ["" 129.251"", "" 127.173"", ""  67.102""], ["" 128.352"", "" 126.960"", ""  68.338""], ["" 129.092"", "" 127.222"", ""  69.641""], ["" 128.640"", "" 126.632"", ""  70.834""], ["" 130.229"", "" 128.053"", ""  69.649""], ["" 129.355"", "" 126.895"", ""  71.997""], ["" 130.925"", "" 128.309"", ""  70.840""], ["" 129.106"", "" 126.471"", ""  73.265""], ["" 130.457"", "" 127.704"", ""  72.000""], ["" 130.216"", "" 126.870"", ""  74.023""], ["" 130.932"", "" 127.813"", ""  73.269""], ["" 130.349"", "" 126.564"", ""  64.483""], ["" 129.585"", "" 126.512"", ""  63.380""], ["" 128.738"", "" 125.525"", ""  63.085""], ["" 129.678"", "" 127.514"", ""  62.518""], ["" 130.974"", "" 127.347"", ""  64.615""], ["" 127.984"", "" 125.681"", ""  62.432""], ["" 128.850"", "" 124.625"", ""  63.528""], ["" 130.498"", "" 128.103"", ""  62.514""], ["" 128.929"", "" 127.684"", ""  61.862""]]",[],RR29_Rahimova_2017
46,4594,RR2_Rahimova_2017,4h2i_c_4_mae_prepped,1,8,-9.69,-0.1977551020408163,0.0,0.0,1,187.76,-13.27,-13.0,-0.27,-13.27,0.0,-4.17,3.58,-4.17,65,10,0.0,0.0,0.0,5.96495,9.621728,7.132849,-0.11331606,-0.84555995,0.52171625,246.942047,"150.503098, 306.739075, 37.040035, 78.435081, 195.201859, 290.095551, 129.027298, 200.679611, 54.561134, 87.957085, 295.790649, 62.53463, ","[["" 133.073"", "" 122.826"", ""  60.378""], ["" 132.988"", "" 123.467"", ""  62.023""], ["" 132.306"", "" 124.118"", ""  63.984""], ["" 133.617"", "" 124.177"", ""  63.980""], ["" 131.836"", "" 123.666"", ""  62.762""], ["" 134.049"", "" 123.780"", ""  62.723""], ["" 131.470"", "" 124.488"", ""  65.166""], ["" 129.916"", "" 125.196"", ""  67.382""], ["" 131.137"", "" 125.837"", ""  67.144""], ["" 129.481"", "" 124.198"", ""  66.509""], ["" 131.905"", "" 125.490"", ""  66.037""], ["" 130.252"", "" 123.846"", ""  65.405""], ["" 129.106"", "" 125.497"", ""  68.487""], ["" 128.878"", "" 124.745"", ""  69.121""], ["" 128.414"", "" 127.099"", ""  68.828""], ["" 126.967"", "" 126.966"", ""  68.621""], ["" 129.191"", "" 128.098"", ""  68.086""], ["" 128.663"", "" 127.352"", ""  70.584""], ["" 129.080"", "" 127.782"", ""  73.301""], ["" 127.837"", "" 127.331"", ""  72.850""], ["" 130.111"", "" 128.024"", ""  72.391""], ["" 127.628"", "" 127.113"", ""  71.491""], ["" 129.903"", "" 127.808"", ""  71.032""], ["" 129.301"", "" 128.034"", ""  74.782""], ["" 130.503"", "" 123.421"", ""  62.371""], ["" 129.548"", "" 124.432"", ""  62.482""], ["" 130.148"", "" 122.167"", ""  61.870""], ["" 128.235"", "" 124.185"", ""  62.090""], ["" 128.834"", "" 121.924"", ""  61.482""], ["" 127.866"", "" 122.936"", ""  61.590""], ["" 126.541"", "" 122.786"", ""  61.229""], ["" 125.729"", "" 123.945"", ""  61.064""], ["" 132.062"", "" 124.061"", ""  59.482""], ["" 131.888"", "" 125.404"", ""  60.203""], ["" 130.692"", "" 126.004"", ""  60.033""], ["" 132.808"", "" 125.849"", ""  60.894""], ["" 129.876"", "" 125.528"", ""  59.673""], ["" 130.382"", "" 127.094"", ""  60.840""], ["" 129.078"", "" 127.344"", ""  61.102""], ["" 128.142"", "" 126.701"", ""  60.614""], ["" 131.102"", "" 127.266"", ""  61.528""], ["" 128.804"", "" 128.479"", ""  62.069""], ["" 128.270"", "" 128.200"", ""  63.334""], ["" 129.070"", "" 129.816"", ""  61.732""], ["" 128.016"", "" 129.225"", ""  64.241""], ["" 128.814"", "" 130.839"", ""  62.640""], ["" 128.289"", "" 130.557"", ""  63.899""], ["" 128.073"", "" 131.637"", ""  64.734""], ["" 127.946"", "" 132.937"", ""  64.169""]]",[],RR2_Rahimova_2017
47,4367,RR30_Rahimova_2017,4h2i_c_4_mae_prepped,1,6,-6.31,-0.33210526315789474,0.0,0.0,3,191.99,-7.8,-7.66,-0.14,-7.8,0.0,-0.75,1.49,-0.75,33,12,0.0,0.0,0.0,4.87903,8.049849,10.964085,-0.81823133,-0.56069732,-0.12694883,131.126266,"231.50032, 284.127686, 85.145767, 255.643677, 73.926926, ","[["" 129.540"", "" 125.180"", ""  67.393""], ["" 130.412"", "" 124.654"", ""  66.250""], ["" 130.110"", "" 123.591"", ""  65.703""], ["" 131.497"", "" 125.400"", ""  65.942""], ["" 131.657"", "" 126.238"", ""  66.482""], ["" 132.430"", "" 125.127"", ""  64.953""], ["" 133.731"", "" 124.990"", ""  65.077""], ["" 131.860"", "" 124.931"", ""  63.325""], ["" 134.352"", "" 124.720"", ""  63.864""], ["" 133.516"", "" 124.659"", ""  62.853""], ["" 133.952"", "" 124.381"", ""  61.433""], ["" 129.276"", "" 126.979"", ""  67.285""], ["" 130.193"", "" 127.505"", ""  68.697""], ["" 131.484"", "" 127.701"", ""  68.783""], ["" 129.547"", "" 127.730"", ""  69.870""], ["" 131.727"", "" 128.095"", ""  70.096""], ["" 130.562"", "" 128.094"", ""  70.694""], ["" 130.246"", "" 128.451"", ""  72.129""], ["" 128.944"", "" 127.799"", ""  72.618""]]",[],RR30_Rahimova_2017
48,4837,RR32_Rahimova_2017-again1,4h2i_c_4_mae_prepped,1,15,-5.9,-0.3105263157894737,0.0,0.0,2,192.77,-6.2,-5.56,-0.64,-6.2,0.0,-0.32,0.3,-0.32,34,2,0.0,0.0,0.0,4.493195,14.795913,5.790745,-0.29161261,-0.48718804,-0.82317063,166.659271,"310.913544, ","[["" 129.428"", "" 131.934"", ""  58.198""], ["" 129.881"", "" 132.011"", ""  59.649""], ["" 128.953"", "" 132.247"", ""  60.664""], ["" 129.370"", "" 132.312"", ""  61.997""], ["" 130.682"", "" 132.175"", ""  62.336""], ["" 131.610"", "" 131.941"", ""  61.369""], ["" 132.962"", "" 131.789"", ""  61.759""], ["" 133.944"", "" 131.546"", ""  60.802""], ["" 133.609"", "" 131.450"", ""  59.455""], ["" 132.288"", "" 131.597"", ""  59.040""], ["" 131.257"", "" 131.846"", ""  59.988""], ["" 128.459"", "" 132.558"", ""  63.030""], ["" 127.050"", "" 132.871"", ""  62.723""], ["" 128.473"", "" 131.804"", ""  64.302""], ["" 126.182"", "" 131.601"", ""  62.558""], ["" 127.671"", "" 130.482"", ""  64.233""], ["" 126.206"", "" 130.813"", ""  63.882""], ["" 125.369"", "" 129.525"", ""  63.769""], ["" 125.827"", "" 131.401"", ""  64.611""]]",[],RR32_Rahimova_2017-again1
49,3761,RR33_Rahimova_2017,4h2i_c_4_mae_prepped,1,4,-4.77,-0.25105263157894736,0.0,0.0,17,190.68,-6.26,-5.87,-0.39,-6.26,0.0,-0.92,1.49,-0.92,34,4,0.0,0.0,0.0,4.085625,10.608114,12.68364,-0.41514918,-0.78140246,0.46589844,248.517151,"253.944183, 91.841797, 279.219147, 253.110489, 78.267128, ","[["" 129.705"", "" 127.549"", ""  72.648""], ["" 130.669"", "" 128.093"", ""  71.799""], ["" 130.468"", "" 128.114"", ""  70.422""], ["" 129.295"", "" 127.589"", ""  69.871""], ["" 128.328"", "" 127.040"", ""  70.719""], ["" 128.528"", "" 127.019"", ""  72.097""], ["" 129.991"", "" 127.575"", ""  74.000""], ["" 130.704"", "" 126.489"", ""  74.585""], ["" 132.179"", "" 126.599"", ""  74.189""], ["" 129.079"", "" 127.614"", ""  68.392""], ["" 129.586"", "" 126.799"", ""  67.494""], ["" 128.274"", "" 128.572"", ""  67.865""], ["" 129.108"", "" 127.218"", ""  66.332""], ["" 128.288"", "" 128.320"", ""  66.536""], ["" 127.467"", "" 129.226"", ""  65.650""], ["" 129.465"", "" 126.509"", ""  65.043""], ["" 130.753"", "" 125.841"", ""  65.164""], ["" 130.572"", "" 124.415"", ""  65.377""], ["" 131.256"", "" 126.229"", ""  65.950""]]",[],RR33_Rahimova_2017
50,5045,RR33_Rahimova_2017-again1,4h2i_c_4_mae_prepped,1,1,-6.08,-0.304,0.0,0.0,16,190.61,-7.57,-5.57,-2.0,-7.57,0.0,-0.85,1.49,-0.85,32,5,0.0,0.0,0.0,3.722281,11.173098,11.813829,0.57492728,-0.4377859,-0.69123233,238.994797,"85.929482, 30.80728, 314.3862, 17.903854, 76.488762, ","[["" 128.955"", "" 126.921"", ""  71.771""], ["" 127.741"", "" 126.727"", ""  71.113""], ["" 127.626"", "" 126.971"", ""  69.748""], ["" 128.732"", "" 127.416"", ""  69.016""], ["" 129.952"", "" 127.612"", ""  69.672""], ["" 130.065"", "" 127.368"", ""  71.038""], ["" 128.973"", "" 126.653"", ""  73.127""], ["" 129.859"", "" 127.379"", ""  73.972""], ["" 131.164"", "" 126.589"", ""  74.113""], ["" 128.612"", "" 127.681"", ""  67.550""], ["" 129.081"", "" 126.951"", ""  66.561""], ["" 127.956"", "" 128.795"", ""  67.138""], ["" 128.726"", "" 127.586"", ""  65.455""], ["" 128.027"", "" 128.741"", ""  65.787""], ["" 127.379"", "" 129.864"", ""  65.016""], ["" 129.101"", "" 127.049"", ""  64.087""], ["" 130.576"", "" 126.613"", ""  64.105""], ["" 130.815"", "" 125.230"", ""  63.483""], ["" 131.124"", "" 127.297"", ""  63.605""], ["" 130.895"", "" 126.599"", ""  65.064""]]",[],RR33_Rahimova_2017-again1
51,6344,RR5_Rahimova_2017,4h2i_c_4_mae_prepped,1,6,-9.33,-0.194375,0.0,0.0,1,185.6,-12.91,-12.74,-0.17,-12.91,0.0,-5.08,3.58,-5.08,67,7,0.0,0.0,0.0,-0.158206,11.979753,4.862692,0.98750933,-0.14645791,0.05809821,119.25843,"6.109625, 238.654938, 132.052216, 97.559753, 150.161163, 218.365723, 229.82016, 332.739716, 321.835266, 33.294571, 210.258163, 189.533051, ","[["" 127.980"", "" 129.800"", ""  63.205""], ["" 127.649"", "" 131.116"", ""  62.415""], ["" 128.681"", "" 131.471"", ""  61.328""], ["" 129.043"", "" 132.638"", ""  61.189""], ["" 129.100"", "" 130.437"", ""  60.563""], ["" 128.777"", "" 129.534"", ""  60.879""], ["" 130.062"", "" 130.324"", ""  59.426""], ["" 129.417"", "" 131.268"", ""  58.357""], ["" 130.201"", "" 132.134"", ""  57.575""], ["" 128.023"", "" 131.272"", ""  58.150""], ["" 129.616"", "" 132.968"", ""  56.626""], ["" 127.437"", "" 132.113"", ""  57.209""], ["" 128.237"", "" 132.960"", ""  56.451""], ["" 131.448"", "" 130.846"", ""  59.933""], ["" 131.662"", "" 131.183"", ""  61.279""], ["" 132.515"", "" 130.997"", ""  59.030""], ["" 132.898"", "" 131.665"", ""  61.704""], ["" 133.748"", "" 131.486"", ""  59.451""], ["" 133.935"", "" 131.817"", ""  60.789""], ["" 130.049"", "" 128.818"", ""  58.995""], ["" 131.109"", "" 127.958"", ""  59.337""], ["" 128.977"", "" 128.275"", ""  58.264""], ["" 131.107"", "" 126.621"", ""  58.949""], ["" 128.971"", "" 126.938"", ""  57.875""], ["" 130.039"", "" 126.117"", ""  58.216""], ["" 127.254"", "" 128.598"", ""  62.747""], ["" 127.828"", "" 127.695"", ""  61.863""], ["" 128.972"", "" 127.740"", ""  61.404""], ["" 126.267"", "" 128.531"", ""  62.948""], ["" 126.916"", "" 126.751"", ""  61.571""], ["" 126.797"", "" 126.215"", ""  60.256""], ["" 126.534"", "" 124.694"", ""  60.305""], ["" 126.326"", "" 124.067"", ""  58.938""], ["" 127.700"", "" 123.884"", ""  60.840""], ["" 125.378"", "" 124.369"", ""  57.956""], ["" 127.271"", "" 123.067"", ""  58.705""], ["" 128.129"", "" 122.952"", ""  59.896""], ["" 128.341"", "" 123.961"", ""  62.079""], ["" 125.384"", "" 123.672"", ""  56.747""], ["" 127.279"", "" 122.369"", ""  57.497""], ["" 129.203"", "" 122.104"", ""  60.176""], ["" 129.412"", "" 123.114"", ""  62.365""], ["" 126.332"", "" 122.674"", ""  56.517""], ["" 129.842"", "" 122.186"", ""  61.413""], ["" 127.752"", "" 129.999"", ""  64.724""], ["" 128.286"", "" 130.858"", ""  65.397""], ["" 126.852"", "" 129.078"", ""  65.178""], ["" 126.887"", "" 128.259"", ""  64.680""]]",[],RR5_Rahimova_2017
